id,label
4620,0
5611,0
12234,1
10721,0
11525,0
6807,0
397,1
10829,1
673,0
11855,1
3413,0
4785,0
2499,0
8162,1
4237,0
5699,0
11253,1
9659,1
9219,0
6787,0
9402,0
8600,1
10391,0
918,1
5646,0
2245,0
12472,0
5158,1
10990,1
486,1
5917,1
5880,0
9135,1
854,1
11176,1
1677,1
10844,1
6931,0
7221,0
2657,0
4435,0
8536,0
8805,0
11286,1
10725,1
3054,0
7924,0
10962,0
9137,0
8935,1
9590,0
11426,1
7248,1
9181,0
378,0
5347,0
4511,1
8923,0
10096,1
5075,0
7240,0
5895,0
12290,1
553,0
8290,0
8572,0
11074,0
1962,1
1940,1
1997,1
10902,1
3306,0
7434,0
5718,0
6952,1
10794,1
9438,0
9498,0
4673,1
226,1
10097,1
12441,0
4744,0
9895,1
10161,0
9072,0
7516,1
10709,1
4068,0
5414,0
3398,0
8140,0
10964,0
1889,0
5637,0
952,0
4852,1
5057,0
3128,1
6744,0
10180,0
7683,0
34,0
5496,0
4667,1
7270,0
7152,0
6539,1
5559,1
920,0
9725,0
5044,0
6181,0
3555,0
7377,0
7352,1
8718,0
9908,0
2583,1
10016,0
10992,0
8677,1
5763,0
4108,1
6445,1
12332,1
10719,1
4082,0
984,1
10635,0
10195,1
179,0
8568,0
9942,0
7327,1
10467,0
11012,1
11247,1
4575,1
12327,0
9553,0
8670,1
1270,0
12150,0
9676,0
12413,0
9204,1
7004,0
9131,0
9149,0
6752,0
12306,0
5844,0
3732,0
4989,1
873,1
6160,1
2315,0
2272,1
10555,0
1067,1
5534,1
12438,1
2924,1
10398,0
3402,0
11067,0
1504,1
75,0
9363,0
5314,1
10492,0
10319,0
5627,0
8937,0
3914,1
7368,1
3017,1
867,0
10337,0
10494,0
8233,0
4129,0
5018,0
2832,0
7071,0
6817,0
1500,0
389,0
6431,0
10937,1
3619,1
12079,0
6494,0
10200,0
9892,0
550,0
3354,1
11452,0
11108,0
4916,0
11966,0
3122,0
3269,0
10472,0
10212,0
7098,1
11203,0
8198,0
7724,0
7641,1
1656,0
3097,0
461,1
6629,0
8127,1
1284,1
3186,0
7457,1
10457,0
12007,0
1890,0
1404,1
10655,0
3651,1
6148,1
7441,0
5609,0
950,1
11386,1
3111,0
2796,1
2144,0
1877,1
8139,1
4551,1
5377,1
144,0
2017,0
1030,0
11333,0
10869,1
6441,0
3470,1
1801,1
7673,0
6460,1
960,1
2072,0
7425,0
7470,1
1094,1
1266,0
7283,1
8115,0
1025,0
2969,1
11783,0
5667,0
4007,0
9999,0
5087,0
11740,1
3169,0
6581,0
4882,0
4793,0
153,0
7935,0
3221,0
3135,0
9766,1
8341,1
5631,1
9695,1
6144,0
528,1
807,1
9132,0
12049,0
9360,1
197,0
328,0
10202,1
9879,0
2122,1
9904,0
5214,0
6776,0
3688,1
8418,0
10327,1
2140,0
8561,1
2787,1
12241,0
11582,0
1056,1
5680,1
9967,1
7,0
11002,1
5503,1
6346,1
5977,0
1599,1
2464,1
61,0
425,0
11190,0
493,0
11246,0
11061,0
5225,1
7548,1
3825,0
7056,0
7622,1
2118,0
9473,1
290,0
5970,1
639,0
9202,1
786,1
391,0
4191,1
11942,0
9806,1
2338,0
7741,0
7495,0
7022,0
7282,0
1908,0
11573,0
6465,0
3853,1
7447,0
6759,1
5434,1
9569,1
1367,0
7653,1
2525,0
3821,0
74,1
605,0
4737,1
10763,0
7295,0
5072,1
1929,0
8025,0
2607,0
1878,1
1479,0
3636,0
4426,1
5897,0
7736,1
3813,1
1291,0
9086,1
3462,0
10384,0
5295,0
4615,0
8436,0
5185,0
4265,1
4597,0
4158,0
12418,0
9860,0
5497,0
2595,0
2729,0
4518,0
5172,1
2701,0
11114,1
8839,1
1600,1
6264,1
6795,0
2752,1
10414,1
12383,0
3566,0
4180,1
9048,0
77,1
10359,0
9486,0
6261,0
7245,0
8352,0
9283,0
6789,0
8261,0
7999,1
947,0
723,1
10605,0
898,0
10617,0
344,0
5366,0
6310,1
6966,0
4124,0
2132,0
6746,0
6621,0
10061,0
3966,1
8883,1
4710,1
11106,0
7035,0
5453,0
3083,1
1582,0
8960,1
10281,1
2656,1
5171,1
12390,0
9375,1
9323,1
2590,1
12213,1
9527,0
11904,0
8744,0
5562,1
5422,0
8547,1
5710,0
4817,0
9701,1
11491,0
10665,1
4170,1
607,0
11130,0
6943,0
1332,1
6240,0
2955,0
6785,0
9004,1
1686,1
2385,1
10021,0
3970,0
4581,0
650,1
8271,1
8735,0
8881,1
8379,0
6277,1
1323,0
12064,1
8413,0
7511,0
4084,0
11590,0
5693,1
4076,0
7864,1
5727,0
5221,0
3536,1
4948,0
7896,1
9416,1
2129,0
1077,0
2265,0
7523,1
11395,1
8587,0
1061,0
7254,1
4276,0
1208,0
6221,1
6599,1
1628,1
2298,0
11823,1
11603,1
11696,1
8540,1
5450,1
1726,0
3155,1
3201,1
1106,0
10433,1
4982,1
308,0
8303,0
7674,1
6403,0
6374,0
5504,1
4965,0
2282,0
2555,1
5396,1
9331,0
7930,1
2923,1
3127,0
3859,0
3996,1
5502,0
3995,0
7147,0
2602,1
10316,0
853,1
1510,0
10524,1
3743,0
2759,1
11048,1
1251,0
12160,0
6765,0
8975,1
6252,0
11536,1
5997,1
1005,0
6930,0
11470,0
10737,0
6384,1
268,0
7557,0
6849,1
5697,1
3043,0
3798,0
1566,1
832,1
178,0
9572,0
8588,0
3066,0
4485,0
11890,0
10966,1
11197,0
11295,0
12151,0
9654,1
11566,0
5614,0
11702,0
8612,0
9851,1
717,0
9800,0
5476,0
2943,0
11629,0
9477,0
5606,0
7710,0
11223,0
12209,0
5398,0
8483,1
2493,0
2348,0
11834,0
7364,1
9650,0
5942,0
10562,1
12468,0
3554,1
11510,1
6038,1
9013,0
3166,1
7540,0
7335,0
6231,1
8028,1
3240,1
4725,0
3207,0
8525,0
8840,0
8014,1
1937,1
165,0
10766,1
6957,0
2510,1
10837,1
5924,1
1668,0
728,0
6129,0
5863,0
12104,0
1011,0
1278,0
582,1
8082,1
4933,0
5866,0
5648,1
2535,0
5641,1
10578,1
5266,1
11552,1
10803,0
4776,1
3507,1
913,1
6503,1
2253,0
11214,0
7325,0
5707,0
3761,1
5208,0
8159,1
7064,0
3445,1
3878,0
10772,0
429,1
5362,0
9565,1
11633,0
10669,0
10349,1
10002,0
692,0
2009,1
4052,0
6791,0
11529,0
9899,0
12447,1
6705,0
3379,0
1023,0
10824,0
9458,1
8197,1
6573,1
9912,0
12428,0
9104,0
10596,0
4030,0
1899,0
2089,0
5379,0
9838,0
5657,0
3795,0
1042,1
10087,1
5415,0
7920,1
3775,1
7715,1
2517,0
12475,0
4109,0
10352,0
6870,1
8414,1
10862,0
2977,0
7637,1
7031,0
8061,0
4891,0
7521,1
642,0
5672,1
6448,1
10549,0
5626,0
638,0
6100,0
5161,0
4345,0
9082,1
11518,0
1041,0
9558,0
4906,0
2812,0
1573,1
10732,0
9244,1
114,0
1243,0
6541,0
2415,0
6480,1
7684,1
1884,1
12365,1
8486,1
12178,1
4877,0
8851,0
7284,0
2254,0
7834,1
1486,1
1212,0
2103,1
60,0
3120,0
2689,1
2763,1
11554,0
7692,0
628,0
4063,1
4953,1
4613,0
2437,1
9105,0
12113,1
11075,0
9541,0
3780,1
6389,1
11542,1
11068,0
7835,1
6137,1
4704,0
8306,1
8976,1
5200,1
2358,1
7843,1
5336,0
281,0
6359,0
8731,0
5350,1
5533,0
10128,1
1279,1
3690,1
7749,0
11238,1
7471,0
5563,0
10512,0
6039,0
6840,1
12408,0
5310,0
11601,0
5184,0
12382,1
3508,1
11889,0
3653,1
3936,0
6290,1
3283,0
1947,0
7695,1
7016,0
256,0
741,0
4773,1
3404,0
10307,0
5134,0
3978,0
2869,0
1043,0
4768,0
434,0
7302,0
1742,1
840,0
10865,0
9819,0
3360,0
1770,0
9230,0
5474,0
7444,0
5219,0
11691,0
8010,1
8791,1
2891,1
4011,0
7266,0
10584,1
6873,0
697,0
5351,0
494,0
4827,1
8442,0
927,0
9319,0
11713,1
9843,1
3714,0
5498,0
2712,0
1246,0
10153,0
5340,0
17,1
4234,0
6479,0
11489,0
10998,1
3659,1
5653,1
395,0
10062,0
7949,1
2186,1
5387,0
11664,0
10426,0
4120,0
1022,0
10184,0
11291,0
2627,1
11802,0
12444,1
1450,0
7025,0
10364,1
2284,1
7379,0
9493,0
3987,1
12436,0
7331,0
909,1
6031,0
7032,0
5729,0
1104,0
4845,0
7853,1
2371,0
11828,1
5690,0
3830,0
4556,0
10657,0
10453,0
289,1
11216,1
5406,1
11129,0
11707,0
4246,0
6492,0
3455,0
9921,1
10611,0
2579,1
12361,1
12295,0
8322,1
859,0
1626,0
7504,1
7977,1
5298,0
2614,1
7665,1
1649,0
6211,0
2762,0
8239,0
235,1
4867,1
1527,0
3796,0
12399,0
4937,1
8445,1
8933,1
2782,0
6245,1
11153,1
10233,1
10201,0
8254,0
1218,0
5254,0
3229,1
4415,1
2229,1
9489,1
11673,1
2950,1
10142,0
11934,1
10659,1
1703,1
8452,0
3085,1
5430,0
4122,0
9017,0
7301,0
11832,1
7921,0
4594,1
707,1
10478,1
7256,1
10315,1
916,1
4100,0
12163,1
3208,0
2271,1
9679,1
7567,1
3836,0
3681,0
1725,1
1396,0
8905,0
2864,1
6065,0
5992,1
4358,1
336,0
10235,0
215,1
8292,1
12409,0
10174,0
11622,0
10974,1
11602,1
11687,0
1662,1
5095,0
1014,1
8979,0
10175,0
544,0
10613,0
9063,0
1651,0
5341,0
7939,0
4733,1
1958,0
3121,0
5223,0
7668,0
4480,0
4295,1
8624,0
9973,1
9010,0
9804,0
806,1
4131,0
4717,1
3861,0
875,0
11946,0
10663,0
4202,0
2901,0
1018,1
3405,0
9887,1
4039,0
5217,0
3603,0
9054,1
8319,1
5267,0
7561,0
263,0
6482,1
438,0
5259,0
4926,1
12170,1
11360,1
11348,0
4355,0
11341,0
3804,0
3458,0
8380,1
3392,0
9609,0
6718,1
4515,1
10700,0
8137,0
11882,1
9615,1
7779,0
9960,0
12291,1
6011,0
7433,0
8719,1
5999,1
2714,0
5666,0
10757,0
3080,0
11742,0
7621,0
1292,1
6248,1
11437,0
8040,0
1484,0
8569,1
4156,0
746,1
5940,0
11987,1
8194,0
2652,0
3320,0
6347,1
10735,0
3677,1
9110,0
11266,0
955,1
11960,1
4375,1
3008,0
10971,0
2058,0
3336,1
6325,0
9223,0
2894,0
5941,0
6669,0
7652,1
12105,0
10918,0
9431,1
11352,1
11881,0
9393,0
2266,0
1159,0
11684,0
9326,1
3939,1
11376,0
10344,0
3224,1
8634,1
966,0
11399,1
1383,0
1788,1
8954,0
1229,0
10378,0
7472,0
7918,1
5170,0
11405,0
9285,1
7389,0
11435,1
6305,1
7699,0
1271,0
6064,0
4268,1
11009,0
5745,0
12157,1
8004,0
9644,0
4133,0
4061,0
905,0
8158,0
11686,0
3211,0
1959,0
10750,1
2218,0
3870,0
6815,0
2500,0
7132,1
3787,1
6250,0
11555,1
11616,0
5989,1
5368,0
1710,0
8124,0
720,0
232,0
2958,0
2983,0
6693,0
2107,0
5638,0
542,1
9947,1
7501,0
3906,0
12165,1
3002,1
9300,1
12259,0
6425,0
7361,1
11372,0
5852,1
11685,0
9245,0
8344,1
8796,1
11693,0
11734,0
2204,0
1589,0
11605,0
3352,0
670,1
131,1
2433,0
239,0
419,0
3407,1
12131,1
5299,1
3549,0
1456,0
1494,0
9636,0
5419,1
111,0
10312,0
440,1
751,0
5988,1
10647,0
5317,1
6451,0
1488,0
8689,0
3460,0
6762,0
3749,1
2709,1
6467,0
3590,0
6070,1
11321,1
4173,0
9092,0
9675,1
2178,0
6000,1
7122,0
1830,0
4510,0
3473,0
2537,1
1317,0
7565,0
9902,0
7084,0
7329,0
11083,0
1052,1
216,1
6367,1
5099,0
2992,1
10523,1
6332,1
2305,0
6528,0
4368,0
7216,0
1457,1
11524,0
11544,0
6554,1
11030,1
696,0
1547,0
1124,0
1858,0
7735,1
2030,0
3771,0
3962,1
3663,0
7961,0
12206,1
816,1
8166,0
10393,0
7412,1
9168,1
3731,0
9685,0
11344,1
1477,1
255,0
1724,0
10796,0
2268,0
4135,1
12063,0
7791,0
7066,1
10172,1
4913,0
5420,1
3649,0
244,1
8848,0
3357,1
10306,1
6438,1
6468,0
12175,0
2919,1
12031,0
6322,0
2768,1
5716,0
12140,0
1721,0
8695,1
2514,1
3028,0
12042,0
302,0
9186,0
8903,1
7755,0
3935,0
2480,0
9309,0
6841,0
2637,0
246,0
5323,0
3414,0
618,0
1335,1
2337,0
2811,0
11343,0
2913,1
10526,1
3576,0
1419,0
3883,0
11539,1
3903,0
8648,1
1553,1
6134,1
4713,1
6900,0
6894,0
12124,0
9296,1
2040,1
10784,0
11797,0
12284,1
3641,1
1137,0
1375,0
8012,0
8913,1
2845,1
5465,1
5839,0
11748,0
5237,1
596,0
3341,0
7613,1
10356,0
1496,0
611,0
1437,1
146,1
4998,1
12070,0
10722,0
3365,1
311,0
4483,0
5986,0
4323,0
7628,0
299,1
1495,1
7431,1
7481,0
1238,1
10285,1
1730,1
1552,0
11830,0
9506,0
11915,1
12429,0
9525,0
9093,0
12084,0
3748,0
11416,1
11032,0
4151,0
11409,0
2243,0
3248,1
6958,0
351,0
7418,0
6624,0
11956,1
11,0
3711,0
2559,1
10622,0
11970,1
4669,0
8713,1
1081,1
6172,0
11816,1
8912,0
9194,0
276,1
9369,1
3643,0
10560,0
12267,0
8876,0
4691,1
5477,0
871,1
4863,0
1485,0
4228,0
3434,1
10208,1
3522,1
4831,0
3760,0
2250,0
4972,0
2625,0
8914,0
3087,0
3112,1
9111,1
164,0
6126,0
3529,0
10861,1
1585,0
9003,1
8875,0
8527,1
4049,1
4840,1
5464,1
5884,0
12489,0
1175,1
3072,0
4549,0
124,0
10224,0
2993,0
6110,0
7506,0
5331,1
1343,1
7476,0
7634,0
9964,0
1145,1
1142,0
1008,0
11779,0
8520,0
11000,0
10462,1
2403,1
11665,1
2880,0
8584,0
18,1
11090,1
10883,1
9032,0
12312,0
8006,0
12019,0
11013,1
5724,1
7079,1
6836,0
372,0
3009,1
5382,1
12457,0
7219,1
10079,0
11383,1
5300,0
420,1
6714,0
783,1
1119,0
12261,0
724,0
2494,1
1561,0
4517,0
3543,0
5574,1
11925,0
2465,0
3785,1
6373,0
21,1
4602,1
3706,0
10550,1
2011,1
11789,1
8968,0
9057,0
9437,1
3055,0
4232,0
3938,0
2182,0
8448,1
12389,0
1039,0
903,1
7598,0
7816,1
568,0
11556,0
706,0
11188,1
48,1
12395,0
9546,1
6575,0
7827,1
8867,0
3428,0
11703,0
3503,0
11349,0
10678,0
5333,0
12238,0
11928,1
4404,1
3144,0
5272,0
1298,0
10929,1
9713,0
10875,1
10324,0
11254,0
5263,0
10328,0
11204,1
10572,0
5714,0
6567,1
6075,0
11147,1
11642,1
11486,1
5996,0
4834,1
10396,0
12473,0
11608,0
10518,1
2725,0
6974,0
5527,1
10504,1
4161,1
10795,0
2004,0
1605,0
10939,0
1845,1
2162,0
3045,0
2645,0
3249,0
3061,1
3361,1
9968,1
3884,1
12194,0
9773,0
7407,1
472,1
7731,0
2053,0
8497,1
7570,0
9984,0
8449,1
6676,1
11231,1
11860,0
11911,0
7513,0
836,0
1690,1
5006,0
11011,0
11766,1
9639,1
1723,0
449,0
4382,1
12461,0
6292,1
4035,0
8016,0
383,1
3664,0
5887,0
8659,0
3170,1
3196,1
7087,0
6471,0
8301,1
12317,0
11337,1
11113,0
4570,0
1636,0
5738,1
45,0
7738,1
722,0
6606,1
8667,0
5292,1
3149,1
7630,0
5466,0
346,1
6153,0
10973,0
4297,0
5872,0
11262,1
4388,1
11528,0
1333,1
6878,0
11065,0
12427,0
4136,0
10088,0
6253,1
4572,0
2407,0
453,1
7758,1
7133,0
11943,0
7320,0
5155,1
2589,1
4141,1
1827,0
4798,0
2586,0
1664,0
900,1
5580,1
12345,0
10126,0
8378,1
8333,0
8223,1
7241,0
4512,1
2746,0
6632,1
2565,0
8476,1
1743,0
10173,0
10960,0
10054,0
10989,0
1306,1
3638,0
7365,1
11712,0
3136,1
4462,0
8195,0
2681,0
4771,0
6407,0
10564,1
9521,1
8917,1
8477,0
5831,1
12404,0
29,0
4911,1
685,1
10950,0
11458,1
6420,1
2795,1
11902,0
3695,0
6054,0
11318,0
125,0
11875,0
7120,1
6984,1
10199,0
531,1
2536,0
4442,0
5195,0
9850,1
2803,0
6993,0
4059,0
5046,1
4327,1
9567,1
11630,0
9983,0
3498,0
8248,0
6868,1
9427,1
12135,0
10912,1
6747,0
593,1
10385,1
4486,1
1583,0
1799,0
794,0
9532,0
2384,0
3102,1
1706,0
11001,1
2597,0
11450,0
7718,0
6696,0
1472,0
6939,0
7725,1
157,0
9618,1
11865,0
6210,0
10976,0
129,0
2633,0
211,1
8831,1
5576,0
9475,0
6545,1
2346,0
5478,1
1264,0
9624,1
10736,0
221,0
9531,1
8172,0
8531,0
11778,1
4752,0
10090,1
6657,0
919,0
6661,1
1782,1
12434,0
9786,0
9682,0
12141,0
5288,1
693,0
5871,0
10808,0
382,0
9822,0
4651,1
9185,0
3608,1
9039,0
1526,0
7973,0
11175,1
7837,1
5067,1
10094,1
6619,1
8258,0
11460,0
8134,1
12056,0
7405,0
4148,0
8545,1
10600,1
3752,0
11919,0
9697,0
11583,0
3958,0
1444,0
2314,0
11818,0
3891,1
4318,0
243,0
1862,0
2917,0
1887,0
4190,0
8489,0
5204,0
3385,1
1524,0
5621,0
9281,1
10084,1
11762,0
9212,1
7760,0
7955,0
569,1
1286,0
5092,0
3346,1
3767,0
5053,0
686,1
4051,0
1324,0
1277,0
2126,1
10490,1
9601,0
161,0
2624,1
8103,0
6568,0
9813,0
9953,0
6824,1
1398,0
11669,1
11547,0
10104,1
11170,1
7849,1
12423,0
12420,0
936,0
10055,0
3610,1
12003,0
1192,0
4739,0
9935,1
6348,0
5840,0
10452,1
4221,0
1372,1
4043,1
11330,0
7851,0
9356,1
12037,0
1773,1
5642,1
1517,0
10320,1
9508,0
9468,0
7281,1
11408,1
5015,1
8450,0
2482,1
6278,0
9169,1
9317,0
11035,1
8186,0
10644,1
3276,0
8650,0
2062,1
9840,1
527,0
128,0
842,1
938,0
1851,1
5748,1
7901,1
6989,0
3138,1
1187,0
2900,1
3840,0
6175,1
6026,1
6732,1
9330,1
1571,0
6385,1
7711,1
9816,1
2982,1
11671,1
6016,1
5790,0
1024,0
4812,1
8217,0
8443,0
7664,1
10301,0
6487,0
7291,0
661,1
2068,0
2716,0
1869,0
7884,0
1051,1
9067,1
8515,1
6946,0
12355,0
7182,0
11545,0
1132,0
9248,1
5284,0
9606,1
10711,0
5090,1
5135,1
9655,1
335,0
11029,0
10,0
431,1
7505,1
9065,0
206,0
845,1
8188,0
755,0
11666,0
8410,0
7559,0
6422,1
8406,0
9000,1
10026,1
2660,0
9222,1
4541,1
7584,0
11851,0
12169,0
7480,0
6195,0
8604,0
11982,1
2014,0
2858,0
4399,1
2331,0
7813,1
3345,0
4446,0
5919,1
4994,0
10967,0
11833,1
5935,1
8090,0
10139,1
1924,0
902,0
3578,0
11139,1
2991,0
9663,0
1990,1
1207,1
5403,0
616,1
11234,0
1382,1
3841,1
5733,1
4896,0
11862,1
156,0
134,0
5640,0
1165,0
10487,1
8464,1
355,0
9233,0
3723,0
3800,0
3793,1
6089,1
11250,1
2125,1
1233,0
6154,1
8817,1
10553,0
2613,0
2640,0
12247,1
12010,0
1793,0
7050,0
9238,1
4974,1
10810,0
8003,1
1134,0
4684,0
9140,1
10273,0
4805,1
688,1
5364,0
4374,0
9583,1
11557,0
4869,0
10787,1
6243,0
4633,0
1934,0
8015,0
1065,0
9592,0
822,0
7873,1
5248,0
9007,0
3104,0
6116,1
7787,0
12156,1
3261,1
3912,0
1642,1
6296,0
5515,1
4092,1
10362,0
6895,1
5900,0
9560,1
6167,0
8813,0
9347,0
11374,0
1336,0
4777,0
3243,1
4566,1
11550,1
9700,0
5634,0
11172,0
11560,0
11929,0
6711,0
10968,1
10959,1
7235,0
7833,0
7962,0
4097,0
6177,1
5957,1
9611,0
3227,0
5316,0
11549,0
6493,1
11511,0
5783,1
7127,1
2093,0
3027,1
2108,0
5397,0
4417,1
10559,0
2211,1
5115,0
6164,0
3195,1
4503,0
2585,0
5985,1
3982,0
11777,0
2666,0
7196,0
10192,0
6720,1
3199,0
11916,0
1895,0
1987,1
6876,1
8298,0
9070,0
3396,0
115,0
12394,0
9830,1
1658,1
6382,0
5573,1
7323,1
1543,0
10805,0
12091,0
7138,1
9408,0
5775,0
5127,1
4359,0
11322,1
3709,1
1281,0
6220,0
10406,0
1150,0
4468,1
9101,1
8771,1
718,1
8557,0
12212,0
6096,0
7810,0
4505,0
11273,0
5247,0
1227,1
11024,1
796,0
11759,0
9853,0
3095,1
2077,1
10947,0
10271,0
9415,1
2270,0
9581,0
393,0
9341,0
6395,1
6111,0
11406,1
5151,0
11800,0
7223,1
10401,1
8026,0
1856,1
8732,1
4659,0
265,1
665,0
1295,0
10386,0
4823,1
659,0
6491,0
10621,0
12004,0
9476,1
1260,0
6066,1
2392,0
6737,1
11485,0
8035,0
5261,0
9780,0
2790,0
2801,1
10333,0
9321,1
3322,0
5286,0
9693,0
3671,0
10420,0
11938,0
1771,0
11553,0
4057,0
6020,0
6202,0
4870,1
20,0
10980,0
12328,1
8618,0
10310,0
3003,0
634,0
1162,0
7967,1
9387,0
8283,1
12190,0
6350,0
6964,0
2349,0
5794,1
11887,0
5355,0
3250,0
5792,0
4448,0
4832,1
8475,0
11358,0
1289,1
2984,1
6307,1
3557,1
12488,1
8224,0
7552,1
5354,0
11303,1
10748,0
893,1
2084,1
5438,0
4816,1
6586,0
4750,1
11283,1
5118,1
770,1
4702,1
80,0
9987,1
7177,0
5948,1
3275,0
1097,0
7609,1
1166,1
7038,0
12224,0
10260,0
6377,1
6728,1
3154,0
7984,0
4245,1
933,0
12279,1
4349,1
3842,0
7432,0
9084,1
6769,0
2771,1
2599,1
8424,1
4574,1
11538,0
7019,0
1885,0
5958,1
5635,1
10946,1
5682,0
3099,1
4179,0
7784,0
7906,0
9548,1
2321,0
7045,0
5372,0
3977,0
5822,0
3294,0
9295,0
4928,0
10339,1
2281,1
5287,0
8929,0
4875,0
316,0
4195,0
10456,0
9042,0
11412,1
733,0
9626,0
11454,0
5238,1
423,1
3890,0
11285,0
11423,1
5696,1
5828,1
6837,0
11499,0
11097,0
2870,1
10413,0
10807,0
10388,0
11512,0
10674,0
12393,0
8583,1
7100,0
7469,1
130,0
78,1
995,0
11057,1
11282,1
9833,1
6919,0
5439,0
2663,1
4857,1
10338,0
10593,1
9658,0
5169,0
4385,1
6091,0
9472,1
3905,0
10451,0
6999,1
1814,1
10631,0
8255,0
5795,1
4646,0
2038,1
4177,1
3422,1
294,0
6142,1
7572,1
3198,0
1362,0
8562,0
499,1
4719,0
9586,1
12300,1
6828,0
8075,1
4543,1
989,0
9911,1
10001,0
1525,1
8302,0
2654,0
2936,0
8505,1
2079,0
10661,1
8764,0
8548,1
9081,0
1482,0
10646,0
8402,0
6959,0
10569,0
6284,1
9384,0
2971,1
10357,0
7287,0
9752,0
9128,1
2290,0
6478,0
3326,0
10535,0
5357,0
7486,0
641,0
10269,1
5149,0
7660,1
8201,1
2045,1
9920,1
11867,0
1988,0
141,0
10341,0
414,0
3479,1
5320,0
5810,1
100,0
5973,1
8336,0
3370,0
11047,1
1666,0
7696,1
5421,1
10679,0
630,1
8425,0
1615,0
1985,0
10860,0
5869,1
6647,1
6256,0
7781,0
9474,0
4239,0
9954,1
11846,0
753,0
9043,0
4044,1
1474,0
3384,0
4509,0
1199,0
9029,0
5815,1
10222,1
1305,0
539,0
5215,1
4609,0
354,0
2024,0
4909,1
10157,0
8199,0
2784,0
1402,1
2694,0
11918,1
7070,0
1791,1
2303,0
10353,0
10000,0
3137,0
1392,0
2749,0
944,1
2621,0
5720,0
11356,1
5405,1
11736,0
4463,0
9692,0
8797,1
6860,0
5205,0
7795,0
2756,1
2978,0
66,1
11894,1
7438,0
11213,1
961,0
12023,0
6592,1
10752,0
6751,1
10458,1
1110,0
11632,0
9729,0
6822,1
5633,1
6566,1
4653,0
9856,0
11004,0
2524,0
1380,0
11307,0
10586,0
4071,0
5032,0
430,1
1414,0
5279,1
6945,0
3540,0
9333,1
5033,1
11561,0
3231,0
12257,0
9727,1
9220,1
11156,0
3484,1
9180,0
12021,1
10668,0
5251,1
7861,0
2112,0
9837,1
10706,0
2468,1
6654,1
3593,0
3338,0
11868,0
1155,1
4484,0
3132,0
7146,0
3465,0
7106,0
10288,0
5721,0
3997,1
4528,0
10513,0
2376,1
5112,0
11610,0
3403,0
3807,1
9818,1
5361,1
1471,1
11058,1
10086,1
11585,0
740,0
5703,1
10645,1
9012,0
9200,0
2474,1
2020,0
8118,1
11617,1
10031,0
6730,0
12346,0
5834,1
6259,0
11515,1
10690,0
11745,0
3197,0
6132,0
7236,0
1663,0
12416,0
6659,0
8343,1
10983,1
5203,1
2548,0
6279,0
9844,1
5628,1
22,0
812,1
2902,0
6069,0
4434,0
7773,0
10714,0
9961,0
10265,0
9807,1
8256,1
10852,0
12236,0
6725,1
11981,0
9434,0
1802,0
2544,1
1364,1
6135,0
3129,0
5678,0
543,0
8896,0
11157,1
10270,0
4558,1
11263,0
7946,1
7868,0
10078,1
7917,0
1581,1
177,0
1408,1
9380,1
8868,1
9597,0
2050,1
8029,0
570,0
7727,0
8080,0
3041,1
6205,0
5757,0
11896,0
10408,0
10447,1
2071,0
6372,0
632,1
3412,0
8048,1
1029,0
775,0
2649,0
6555,0
5685,0
9263,1
1416,0
9982,1
470,1
2696,0
712,1
4298,0
193,0
10822,1
7848,1
11425,0
2330,0
4639,0
5068,1
10404,0
7909,0
6907,1
1816,1
3333,0
7096,0
6139,1
6562,0
10543,0
2130,0
6417,0
1210,1
6112,0
11056,0
2161,0
1551,0
6850,0
4333,1
9297,1
9429,0
11551,0
7877,0
4229,1
433,1
9490,0
7679,0
7373,0
8706,1
11274,1
11815,1
878,1
225,0
2851,0
7676,0
10082,0
10614,0
5943,0
10390,1
473,1
3342,0
4467,1
3485,1
5455,1
5360,0
8712,1
6540,1
11592,0
535,0
5853,0
4675,1
37,0
10886,0
11760,1
8079,0
1304,0
2747,0
7440,0
8816,1
4587,0
6987,0
11222,1
10439,0
9884,0
324,0
8893,0
8354,0
2682,1
6534,0
1255,0
5846,0
5664,0
7274,0
9779,1
4871,1
3819,0
10835,0
9944,1
3741,1
9399,0
10511,0
2533,1
8389,1
7703,0
11482,0
6590,0
9433,1
6988,0
10496,1
7887,0
9058,0
3915,1
5569,0
12388,0
1746,1
3158,0
11819,0
7082,1
1107,0
5577,1
5249,0
8371,0
2830,1
11433,0
3358,0
3585,1
7662,1
8187,1
447,0
3720,0
11146,0
6239,0
10251,0
8897,1
46,1
3126,0
9322,1
5264,1
2143,1
11281,1
2530,0
4290,1
11591,0
2080,0
1086,1
1775,0
8205,1
583,0
8809,1
7011,0
4526,0
10314,0
9041,0
5911,1
2016,0
11540,0
3172,0
3665,0
3088,0
928,0
2164,0
8432,0
2508,0
657,1
10047,1
8019,0
7620,0
10289,0
7359,1
10074,0
8156,0
7210,0
3317,0
7912,1
10434,1
6839,1
4272,1
1737,1
6138,0
3486,1
9495,1
7995,0
11443,1
11505,0
7488,0
7778,0
7342,0
332,1
8824,0
12433,0
1004,1
6924,0
8742,0
11177,0
586,0
2710,1
8710,0
10205,0
4547,0
576,1
2231,0
3034,0
11646,1
12448,1
10577,0
9435,1
1073,0
1387,1
1728,1
3499,0
8680,0
8099,0
6074,0
5097,0
6001,0
2145,1
371,0
2379,0
12302,0
9098,0
11022,0
9368,0
2235,0
3983,0
194,0
3627,0
6754,1
8636,1
10480,0
804,0
3519,0
8656,0
1950,1
2137,1
4060,0
2025,0
9509,0
511,0
4393,1
4447,1
6059,0
11138,1
11226,0
2324,0
3640,0
8641,0
11905,0
7029,0
10638,0
1126,0
5758,0
4929,1
8311,0
408,0
11761,1
10954,1
3113,0
6428,1
2060,1
11232,0
6212,0
4006,1
220,1
1903,1
10943,0
3544,1
6937,0
7681,1
3482,1
5313,0
2209,1
2798,1
6750,0
1888,1
1883,0
11772,0
11974,0
788,0
9298,1
8663,1
1188,0
3331,1
10282,1
5737,1
9494,0
12362,1
199,1
9751,1
7867,0
8804,1
12099,1
1235,1
9957,0
7387,0
8999,0
10022,1
2491,1
5326,0
9563,1
8909,0
3774,1
7482,0
12197,0
5138,0
6504,1
11871,0
5726,0
4807,0
4497,0
3216,1
11735,1
3764,0
11764,1
3024,1
9993,0
102,1
6197,0
1369,0
376,0
11660,1
1001,0
4866,1
10035,1
9575,0
11387,1
9129,0
7804,0
11208,0
5561,1
5608,1
4093,0
12336,0
5218,1
6773,0
10277,0
5454,0
11447,0
8926,0
6083,0
109,0
7809,0
8263,1
2100,0
2720,1
4606,1
147,1
2220,1
2755,1
11388,0
3496,0
8997,0
8529,0
2213,0
6614,0
10534,1
8286,1
1348,0
33,1
2200,0
5885,0
6459,0
6735,0
9705,0
4730,1
1491,0
7643,1
2562,1
9106,1
12222,1
7750,0
10465,1
8769,1
4001,0
1980,1
7072,0
1699,0
12339,0
585,0
8472,0
3323,1
12452,0
11796,0
406,0
11300,1
5950,0
6610,1
27,1
3163,0
4174,1
245,1
7015,0
672,0
5244,1
9897,0
2634,1
1817,1
9085,1
4524,0
2816,0
11345,0
9386,1
9370,0
4293,0
10733,0
44,0
1790,0
1371,0
10422,0
7551,1
11931,0
11856,0
10455,0
9153,1
3925,1
6687,0
9753,0
3846,1
5270,0
7766,1
12337,0
350,1
11367,0
9454,0
6361,1
3075,1
1256,0
2312,0
7919,0
8324,1
2453,0
3495,1
1587,0
6022,0
3654,0
12245,1
11770,0
11373,0
5896,0
11043,1
1296,0
5064,1
8208,1
9868,0
11613,0
5612,0
7593,0
4758,0
2809,0
9177,1
6113,0
5764,0
8734,0
6920,0
8499,0
2617,1
2169,0
2460,0
1989,1
9665,0
5293,1
11790,1
8887,0
11289,0
12062,1
8910,0
9274,1
5521,0
8382,1
2483,1
4844,0
10287,0
5150,1
6461,0
9936,0
2874,0
9166,0
6227,0
4465,1
11746,0
9400,0
1841,1
6617,0
12134,0
8091,1
8952,1
12055,1
994,0
10798,0
117,0
5689,1
10075,0
4855,0
11752,1
7271,0
72,1
4794,1
6314,0
11206,0
6757,1
10068,0
2244,0
3237,1
1660,0
1916,1
1592,0
2757,1
7171,0
9199,1
6257,1
4352,1
10565,1
1900,0
3954,1
3007,0
7562,1
3090,0
9280,1
4689,1
8498,0
9622,0
12201,0
7945,1
6796,0
2834,1
1203,0
10488,0
824,0
9126,1
6275,0
9374,0
6238,0
3369,0
6712,1
6364,0
8778,0
3539,1
2172,0
6507,0
8620,1
7560,0
2263,1
6845,1
4968,0
4444,0
11305,0
11738,0
10113,1
3131,0
8176,0
8135,0
10556,1
6927,0
2070,1
3310,1
12500,0
8757,0
12072,0
1618,0
8567,0
7975,1
2665,0
11229,1
11271,0
10147,1
1017,0
10080,1
4605,0
7661,0
7522,0
9926,1
11531,0
374,0
1936,0
4192,1
5222,1
4017,0
4266,0
8165,0
437,0
7010,0
1836,0
640,0
1370,0
10548,1
11853,0
1117,0
287,0
3676,1
8282,0
8694,1
5762,0
7253,0
8901,1
9124,0
8768,0
12307,1
7822,1
11078,0
6905,0
8542,1
760,1
4677,1
3001,1
9262,0
11404,0
1274,0
3355,0
7158,0
3020,0
2765,0
10951,1
10129,1
4617,0
9991,1
1226,0
306,0
5531,1
12020,0
4078,0
10325,0
12278,1
10935,1
9328,0
5723,0
5644,0
4582,0
9254,1
9877,0
1462,0
1037,0
421,1
7742,0
4893,0
4562,1
9533,1
10623,0
2000,1
8747,0
1253,1
3794,1
4564,1
1269,1
5824,1
5059,0
8130,0
7777,0
3222,0
9348,0
11781,1
2002,1
9159,1
7191,0
11018,0
1405,1
10823,0
10879,1
11848,0
11301,0
9193,1
4680,0
11326,1
11312,1
6413,0
1358,1
3869,0
1114,1
3076,1
1515,0
3652,0
8391,0
11095,0
5056,1
2075,0
8349,0
8042,0
8347,0
8675,1
9634,1
3897,1
4743,0
1141,0
1751,1
10731,1
8330,0
5818,0
5457,0
4627,1
9259,1
11947,0
1966,0
4456,0
10187,1
5768,0
5650,1
4919,0
2626,1
2156,0
7417,1
4500,0
6041,1
7611,0
6764,0
617,1
5860,1
4216,1
12138,0
9133,1
11121,0
229,1
6023,0
1195,1
11131,0
5975,1
1467,0
9060,0
5186,0
2946,1
1481,1
3245,1
3624,0
2871,1
7709,0
4830,0
7304,0
4715,0
2822,1
1302,0
7942,0
2529,0
2941,0
11199,0
8196,0
6637,1
10150,0
12483,0
3647,0
9485,0
3281,0
5832,0
5797,0
3206,1
11733,1
4256,0
1565,0
1176,0
2087,0
4077,1
658,1
7577,0
5188,0
6392,0
1693,1
7318,0
10672,0
9886,1
9726,0
8247,0
9234,1
3856,0
9599,1
7600,0
7700,1
10544,0
5978,0
2728,0
5926,0
9628,0
301,0
12358,0
1092,0
8023,0
11829,1
5931,1
2394,0
1557,0
3299,0
2214,1
6199,1
9272,1
2558,0
1871,1
5681,0
6902,1
50,0
9995,0
6951,0
6052,0
5912,0
9596,0
7644,0
10067,0
2033,0
8983,1
7994,0
6237,1
12121,0
495,1
11072,0
68,0
9385,0
1178,0
309,0
5213,0
3993,0
3845,0
10051,0
2844,1
3691,0
7095,0
3308,1
1973,0
10171,0
3153,0
10773,1
6587,0
5598,0
2487,1
186,0
9530,1
7573,0
3459,1
6262,0
1048,1
10411,1
540,1
4058,0
10637,0
483,1
7442,0
11991,0
9744,0
8153,1
8468,0
6524,1
3408,1
3851,0
12207,1
5280,0
3873,0
1263,1
4654,1
7394,0
6165,0
4033,1
9256,0
1050,0
11411,0
2490,1
2678,0
5593,0
5283,0
8231,0
5821,1
1197,1
482,0
12371,1
3548,0
943,0
9642,0
93,0
11741,0
9955,1
7875,1
3378,1
11361,0
4634,0
5012,0
8711,0
12311,1
3904,1
8745,1
3047,0
1554,1
11325,0
1120,0
4356,0
9351,0
3985,1
6008,0
1744,1
3623,1
594,0
3547,0
5232,0
5861,0
7800,1
1242,1
7627,0
5128,1
218,0
132,0
8020,0
7208,0
11506,1
5507,1
7105,0
9918,1
4138,1
2813,0
8392,1
2670,0
489,1
7756,0
10845,1
3705,0
2965,0
3466,0
3934,0
6766,0
10416,0
10119,0
590,1
6755,0
12440,1
4540,0
738,1
10279,0
2629,1
8794,1
10871,0
1562,1
10576,0
10098,1
8105,0
7474,0
5122,0
6533,0
10114,0
76,1
12168,0
1357,0
11774,1
946,1
9674,1
7195,0
9538,0
5976,0
3011,0
8109,0
3179,0
12303,1
4026,1
1542,1
637,1
8528,1
5500,0
1501,1
7757,0
4088,0
10298,1
3848,0
2723,0
10887,0
8608,0
9161,1
7883,0
2301,1
7013,1
7334,1
62,0
3039,0
12315,1
7314,0
7524,1
2099,0
7626,0
721,0
1873,0
2477,0
5694,1
9614,1
4303,0
6792,1
3768,0
8426,0
839,1
4281,0
2197,1
3048,0
8787,0
2563,0
182,1
797,1
10945,0
12248,1
7086,0
9832,1
5954,0
11394,1
10932,1
7007,0
5537,0
6886,1
3545,0
4022,0
10520,1
9455,0
3487,0
4647,1
9810,0
9764,1
4299,1
4182,0
7058,0
10503,0
9307,0
3233,0
8869,1
4153,0
2841,0
9603,0
2461,0
2418,0
5585,0
6529,1
1301,1
12310,0
1960,0
821,1
7931,0
10430,0
4724,1
6618,0
122,0
5007,0
6109,0
3882,1
4261,1
4147,0
10059,0
5937,0
2146,1
4610,0
12366,1
7858,0
1674,0
8891,1
10228,0
6542,1
210,0
4995,0
9045,1
9510,1
12057,1
6771,1
11808,0
8654,0
9357,0
7904,0
7316,1
12154,0
2577,1
12013,1
2571,0
1217,1
8126,1
2031,0
9239,0
2127,0
3719,1
1384,1
9252,0
9587,0
4527,0
4215,1
12417,0
11891,0
4878,0
9480,1
10073,1
6700,0
8142,0
2754,0
4104,1
1294,1
3542,1
6283,1
3570,1
5735,1
7399,1
2096,0
4749,0
8922,0
9266,1
6997,0
6512,1
9938,0
2177,1
3822,0
5951,1
7986,0
7290,0
10909,1
9355,0
562,0
6462,1
5008,1
6456,0
10851,1
5442,1
6578,0
6183,1
7160,0
9250,0
441,0
8460,0
2288,0
7410,0
8057,0
9208,1
3980,1
3031,0
9293,0
3729,0
5441,1
8951,0
12202,0
6224,0
2644,1
6053,0
6176,1
11750,0
6726,0
4494,1
11415,0
4991,0
9056,0
7047,1
10809,0
8753,0
6826,0
2593,0
2655,0
10351,0
7993,1
3086,1
9582,0
9794,0
6972,0
8748,0
781,0
7790,1
6940,0
1819,1
1545,0
6282,0
6992,1
2193,0
11290,1
202,0
653,0
9607,1
5849,1
1379,0
4403,0
8982,1
5106,0
3713,1
1198,0
8662,0
953,1
2531,0
7839,1
5325,0
11212,1
5715,1
3051,1
2598,1
3084,0
2708,0
6601,0
8790,0
4411,1
12294,1
5662,1
3655,1
5927,1
3700,0
536,0
3418,0
7398,1
8614,0
1535,0
2496,0
4384,1
8581,1
1998,0
6885,1
6484,0
9237,0
1153,0
516,1
4264,0
8294,0
10527,0
3450,0
3559,0
11854,0
4842,0
1182,1
10464,1
6576,0
4542,0
2662,0
9139,1
5615,0
4917,0
7765,1
4233,0
4622,1
10895,1
9632,0
5140,0
9952,0
8828,1
10994,1
3524,0
12223,0
7135,1
776,0
5086,1
12378,1
12218,0
6942,0
8885,0
2722,1
714,0
12033,1
4841,0
4849,1
2003,0
5826,1
7617,0
11920,1
8934,0
2718,0
6797,1
12200,1
181,1
5491,1
1897,0
11606,0
10361,0
4034,0
10587,1
5676,0
12285,0
4008,0
1712,0
1629,0
1590,1
3812,1
4740,0
2247,0
8943,0
12363,0
4062,0
6062,0
5613,1
1844,0
3521,1
7553,1
10525,0
2241,1
956,1
3737,0
2369,0
1711,1
11874,0
2564,0
9024,0
8401,0
4550,0
1179,1
9286,0
6798,0
1009,1
12356,0
7200,1
7856,0
1461,0
11316,1
2226,1
1810,0
5829,1
1099,0
6388,1
7688,0
778,0
373,1
7139,1
3815,0
1428,1
3991,0
6674,1
6073,1
4289,0
8190,0
11378,0
12283,0
11189,1
2381,1
6775,0
11201,1
377,1
742,1
1617,1
4251,1
5447,0
2576,0
4747,0
1556,0
2026,0
3777,0
3420,1
8554,0
5874,1
4350,1
3824,1
9608,1
5401,0
5947,0
436,0
10713,0
6501,0
297,1
7900,1
11700,0
11474,0
11476,0
6390,0
5856,0
5991,0
941,0
6569,1
12275,0
5305,1
1811,1
9861,1
4707,1
3786,0
4121,1
6658,0
10533,0
7023,0
11719,0
7943,0
3388,0
7250,0
6668,1
9540,0
6909,0
2515,0
10762,0
11681,1
11393,0
11371,0
8191,0
1621,0
4922,0
6338,0
9708,1
6777,0
8847,1
8723,0
8871,0
8514,0
12293,0
4986,1
1986,1
6234,0
166,0
663,0
11397,0
10873,0
4607,0
6399,1
10141,1
1064,0
4005,0
2190,0
885,0
5003,1
10536,0
5542,0
7542,0
4756,0
9602,1
3814,1
1299,0
11244,1
7965,0
3715,1
1138,0
9623,0
2578,0
6812,0
7269,0
5981,0
9625,0
9745,0
2275,0
5157,1
8959,1
8679,0
1765,0
4663,0
1223,1
4560,0
10177,1
5230,0
9801,0
7109,0
5159,1
12318,1
5578,0
3531,0
4340,0
6473,1
9016,0
7369,0
3242,0
3400,1
8381,0
526,0
126,0
566,0
2119,1
2356,0
12179,1
3811,0
10643,0
7872,0
7704,1
2142,0
9078,0
10927,0
8899,0
11997,1
10739,1
2953,0
8646,1
6443,1
11584,1
10833,0
10744,1
2885,1
10785,1
4050,1
6636,1
105,1
9966,0
10686,0
171,0
1268,0
667,0
3271,0
11237,1
3810,1
551,0
1377,1
91,0
446,0
2422,1
7932,1
5898,1
6034,0
4856,0
5469,1
10602,1
4903,1
3453,0
503,1
5864,1
4687,0
285,0
4584,0
7249,0
12227,0
9686,1
368,0
138,0
4236,0
2329,0
8313,0
7979,0
6794,0
5782,1
410,0
8211,0
1931,0
1756,0
6349,1
9788,1
4091,1
11949,0
5054,0
10225,0
10071,0
1511,0
3030,0
7421,1
8726,0
3209,1
8681,0
6003,0
4765,1
3377,0
1154,1
4898,0
6703,1
8844,0
8724,0
380,0
3134,0
10528,0
2280,1
5196,0
12442,0
9668,0
1053,1
4797,1
2256,0
11457,0
6092,0
6857,0
67,1
820,0
12286,0
6353,0
9662,0
6457,1
6406,1
1346,0
1718,0
11149,1
7186,0
5216,0
1577,1
10115,0
6496,0
8759,0
10069,0
11407,0
10429,1
8229,1
11895,0
7237,1
3374,1
8112,0
5953,0
5807,1
5061,1
10374,1
8002,0
2459,1
4693,1
3213,0
5952,1
12391,0
9534,1
12065,0
9464,0
11483,1
10590,0
10507,0
5564,0
8278,0
6801,0
3525,0
3758,0
5679,0
3036,0
5965,1
3552,0
3879,0
5601,1
3742,1
5136,0
1016,1
10038,1
11288,0
8148,1
3753,0
1345,0
4386,0
6267,0
205,0
158,1
7443,0
9389,0
1943,0
11353,0
249,0
11339,1
10345,1
8932,0
8879,0
12143,0
7638,0
1440,0
8888,1
7891,1
7051,1
7898,0
705,1
5277,0
3696,0
12268,1
1476,1
3533,0
8409,0
5281,0
9151,1
9160,0
6219,1
4598,1
7811,0
2227,0
4140,0
1754,0
12088,0
4396,1
1550,0
10561,1
1006,1
358,1
11258,1
6648,1
8522,0
9206,0
3512,1
11060,0
10987,0
2091,0
4835,1
8639,0
11945,0
971,1
9241,1
5652,0
10280,0
7581,0
10882,0
6191,0
1533,0
7596,1
951,0
1671,1
6047,1
8001,0
11969,1
1480,0
8490,0
3246,0
6124,0
9504,0
7479,1
9528,0
11045,0
7604,0
11901,0
4397,1
12469,0
9776,0
1353,1
2181,0
6436,1
9197,0
11334,1
6251,0
8399,1
3535,1
8688,1
3946,0
3597,0
5923,0
2915,0
4354,0
8017,0
813,0
7192,0
12450,0
9178,0
9992,1
11044,0
5052,1
2438,0
10116,1
9225,0
897,0
8138,0
5781,0
4405,1
11999,1
12005,1
7446,1
1917,0
10956,0
9218,1
852,0
10425,1
4967,0
2572,0
2907,1
4942,1
4370,0
11228,0
10132,0
6402,0
7154,0
240,1
4576,0
1520,0
7067,0
9099,1
8308,0
3604,0
1734,0
2076,0
12255,0
7960,1
8728,1
4181,0
2635,1
802,0
5409,1
10764,0
2719,1
3022,0
7341,1
9089,0
10403,1
9383,0
552,0
10793,0
3735,0
10387,1
2773,0
4924,1
6843,1
3537,0
7136,1
6825,1
9189,1
1432,1
4365,0
219,1
5551,1
8484,0
9316,0
3182,1
6638,0
7396,0
8825,0
5659,0
614,0
970,1
9405,0
3898,0
10521,0
8512,1
2639,0
11580,0
4567,1
2187,0
9265,0
12320,1
3893,1
11389,0
6079,1
6018,1
4640,1
1322,0
9747,1
7775,1
6295,0
11579,1
1493,1
9038,1
2540,0
11788,0
253,1
7805,0
11780,1
11267,0
9176,0
6088,1
4945,0
4799,1
2416,1
155,0
5416,0
3673,0
12301,0
880,0
5746,0
3314,1
8213,0
11225,0
7094,0
10554,0
5651,0
3599,0
9996,0
8064,1
11434,0
9989,0
8576,0
834,1
271,1
8193,1
12364,1
12036,0
9719,0
687,0
5334,0
1760,0
452,1
3006,1
272,0
7698,0
2860,1
6076,0
10340,0
359,0
7854,0
4240,0
11490,1
1272,1
7828,1
6522,0
7651,0
5522,0
5352,0
11530,1
366,0
12338,0
1854,0
5116,1
7503,0
8150,0
8865,1
10156,0
7815,0
12155,1
8749,0
5619,0
6048,0
7456,0
4925,0
3159,0
5904,1
1769,1
4914,0
3318,0
4347,1
1311,0
8906,0
11357,1
750,1
2134,1
10460,0
10606,1
11340,1
7185,0
1870,0
7654,0
10366,1
3056,0
12125,0
5113,1
3872,0
5227,0
1355,0
7796,0
5021,1
1727,1
9267,0
1035,0
10830,0
1098,0
3955,1
6394,1
3307,0
982,0
7383,1
6051,1
7894,1
2646,0
5629,1
2986,0
3530,0
3359,1
6551,1
2770,0
1177,0
12281,1
3584,0
8898,1
2352,0
9332,0
7076,0
7686,0
4629,0
10469,0
891,0
5552,0
756,0
11562,0
1593,0
209,0
1049,0
7297,0
10746,0
349,1
310,0
1344,0
10197,1
1930,0
1144,1
10017,0
3406,0
9044,1
6514,1
3427,0
2255,1
5630,1
12182,0
7345,0
1992,0
9366,1
2944,0
5080,1
12407,0
4249,0
3349,0
8704,0
793,1
11207,0
4683,0
9937,0
5380,1
5233,0
11644,0
10539,0
739,0
9304,0
4674,1
5802,0
10819,0
6414,0
487,1
7842,0
1544,1
4477,0
1521,1
4900,0
1598,0
7657,0
5343,1
11391,0
4118,0
6684,0
12186,1
9469,0
1826,0
6593,0
11804,1
7618,0
2400,1
12017,1
10394,0
6090,1
7205,0
7292,0
1325,0
11880,0
10290,0
6209,0
5560,1
3252,0
2373,1
10856,0
10032,0
5972,1
1209,0
10896,1
4628,1
261,0
7057,0
1231,1
1090,0
11066,1
1933,0
7786,0
1835,0
8638,1
2906,0
1787,1
1847,0
6933,0
262,0
6158,0
8822,1
1070,1
3945,1
119,1
10267,0
5567,1
7941,1
4944,0
2839,0
9939,0
4711,1
8927,1
5309,0
7496,0
5581,1
9165,1
8474,0
5514,0
1202,0
6094,1
2448,1
7452,0
3328,1
8626,0
3015,1
800,1
7116,1
5084,0
7491,0
10632,1
9190,1
3986,1
3556,0
10207,1
5969,1
5596,1
1560,1
12379,1
1792,0
2650,0
6358,0
8405,0
12192,1
6731,1
2889,0
7599,1
2428,1
3411,0
148,0
6911,1
2046,0
4413,1
2469,1
8872,0
1874,1
3247,0
12196,1
10878,0
1779,0
769,1
2737,0
4066,0
8132,0
6328,0
9543,0
5519,1
12205,0
12054,1
251,1
3165,0
3781,0
7366,0
9192,0
7936,0
8874,0
2043,0
1252,0
11079,1
9702,1
10286,0
8304,1
8068,0
7276,1
2776,1
8210,0
6760,0
3571,1
8573,1
7416,0
11858,0
1241,1
8803,0
8690,0
5178,0
1971,0
10072,0
10570,0
10151,0
5673,0
12330,0
7723,1
7129,0
12445,0
8496,0
4242,1
1972,0
2826,1
3692,0
6680,0
331,0
5687,0
10242,1
12167,1
4047,0
435,1
8269,1
1982,0
11621,0
9948,0
4681,0
2793,0
11180,1
11794,0
9483,0
6485,1
3772,0
5109,0
10906,0
286,1
4767,1
11596,0
5055,0
870,1
6405,0
9742,1
7847,0
4178,1
4600,0
10375,0
10117,0
150,0
4493,0
36,0
5183,0
8798,0
10152,0
8011,1
11200,0
1828,0
10268,1
4089,0
9329,0
10601,1
519,0
2772,0
5582,0
7714,0
1085,0
10850,0
12015,0
2760,0
320,0
1181,0
2601,0
10473,1
964,0
8607,0
5269,0
3885,0
1942,0
9657,1
3860,1
12203,0
6990,0
5242,1
1509,0
11401,0
4940,1
556,0
5297,0
10070,0
8845,0
9229,0
8652,0
7645,0
11812,1
1853,1
7983,0
3852,0
4336,0
11626,1
7000,1
12173,0
360,0
2420,1
3899,1
752,1
4495,0
1829,1
10749,0
25,0
4671,1
4046,0
6427,0
7865,0
1411,1
573,0
11462,0
4169,0
7528,1
7183,1
4364,0
11930,0
2196,1
7535,0
10025,1
5819,1
9,0
6603,0
10418,0
4728,0
1766,1
6628,1
988,0
464,0
8260,0
8050,0
3510,0
8716,0
1925,1
3074,1
9535,0
1201,1
7608,1
7337,0
1400,1
8174,1
825,0
6682,0
54,0
10262,1
8708,0
11648,1
10318,0
3454,1
7246,1
10220,1
3049,0
6546,1
1445,1
5285,0
2807,0
10014,0
1753,0
9836,1
2111,1
11071,1
11810,1
12180,0
6489,1
1393,1
9793,0
6655,0
949,1
10838,1
7260,1
9584,1
6208,0
9236,0
8340,0
923,1
2258,1
10188,0
10419,1
3602,0
5197,0
1084,0
11031,0
5796,0
9784,1
6690,0
9802,0
8555,0
1468,1
9516,1
4427,0
6605,0
4258,1
6530,0
6941,1
2219,0
2925,1
5535,0
8532,0
12111,0
3274,1
4668,1
2294,0
3425,1
4185,0
11625,1
7117,1
7220,1
3373,0
6021,0
4735,0
4263,0
9714,1
8267,1
8819,1
10790,1
7729,0
1282,0
2620,0
9112,0
9055,0
7477,0
9426,0
1591,1
7288,0
385,0
3181,1
3395,1
6646,1
1957,0
7324,0
7151,0
8972,0
546,0
11102,0
8717,0
11805,1
10376,0
6280,0
6549,0
7255,0
10925,1
3642,1
8995,0
8053,0
2854,0
7606,1
3096,0
11825,0
2039,1
4319,1
8861,0
12462,0
5594,1
2799,0
3880,0
5858,1
9722,0
1146,1
4326,0
9737,0
9998,0
9143,0
12262,1
4443,0
6152,0
4305,0
9562,0
6717,0
976,0
8466,0
4330,1
3483,0
5467,1
3858,1
5550,1
9006,1
7954,0
12115,0
2296,0
2810,0
910,0
4458,0
10443,1
8746,1
9097,0
10889,0
3315,1
10297,1
7838,1
5094,0
5859,0
7346,1
6206,1
4455,0
12347,0
850,0
4142,1
7234,0
2881,1
9512,0
5732,1
8783,0
7414,0
4143,1
6312,0
3710,0
79,1
3770,1
10867,0
10245,1
6588,1
11744,0
11161,1
4025,1
6308,0
6808,0
6594,0
10012,0
4800,0
6891,0
11398,1
977,0
4571,0
5928,1
10266,0
11844,1
10664,0
4343,0
4250,0
6368,1
5812,0
12011,0
12215,0
2005,1
9551,1
10099,0
10666,1
10811,1
12299,0
6136,1
8350,1
4436,1
10463,0
1881,1
11765,1
7303,0
7991,0
11168,0
9226,0
10571,1
10603,0
7238,0
518,0
5069,1
2210,1
5404,1
3279,1
5553,1
2441,0
10179,1
10609,1
5830,1
1993,0
11351,0
844,0
2495,0
7748,1
886,0
10140,1
4302,1
6743,0
4907,0
8408,0
5636,0
7907,1
9981,0
9188,1
9566,0
6049,1
8955,1
11403,0
1172,0
4706,0
3335,0
3629,0
2987,0
3226,1
9228,0
8257,0
11369,0
10370,0
8446,0
4391,0
10246,1
4479,0
8030,0
8507,0
1381,1
7077,1
10627,0
10589,0
10758,1
4040,1
10475,0
4014,0
7370,1
2736,0
8953,1
5487,1
11218,1
4861,1
41,0
10204,0
135,0
6340,1
652,1
7963,1
8393,0
12308,0
3648,1
5327,1
11219,0
8237,0
4110,1
6423,0
9759,0
563,0
196,0
59,1
3864,0
1681,0
12006,1
8383,0
6235,0
8503,1
6337,0
8628,1
4887,0
1204,0
12137,0
12058,0
2612,1
10712,1
1458,0
2914,0
12455,0
4738,1
214,1
7996,0
7728,1
4418,0
6418,0
1026,0
643,1
9769,1
1505,0
2997,0
6342,0
4658,0
4709,1
6453,1
12271,0
8067,1
3994,0
2611,0
2054,1
7409,0
10768,1
10689,1
1164,0
12454,0
6960,0
8440,1
12249,1
467,0
10471,0
139,0
2274,0
8939,1
11148,1
9109,0
1684,0
6525,0
2938,0
3523,1
11191,1
6007,1
4475,0
11027,1
4557,0
12027,0
2745,1
1330,0
7944,0
10540,1
7632,0
1935,0
2721,1
10308,0
2478,1
10847,0
4038,0
2449,0
9211,0
1069,0
4160,0
1169,0
6651,1
4829,0
11670,1
9445,1
8076,0
11927,1
9179,1
8589,1
188,0
498,1
8033,1
677,0
6742,0
7419,0
12309,0
3910,0
6356,0
4815,1
5793,0
4328,1
801,0
1675,0
1804,0
12101,0
8214,0
895,0
11473,1
10347,0
12368,0
9382,0
11185,0
3440,0
5548,0
5074,0
4698,1
10185,1
10423,0
12381,1
3920,0
6440,0
2821,0
2842,0
3272,1
6847,1
2934,0
7886,0
6357,0
9889,1
7125,0
5769,0
747,1
1872,1
9167,1
4811,0
11436,1
7650,0
6713,0
1695,0
8447,0
5212,0
2390,0
11656,1
5324,0
10816,0
4351,1
1326,0
5990,1
8546,0
224,0
2353,0
6969,0
1021,0
7268,0
10776,0
6010,0
12354,0
9144,0
1694,0
9087,0
1194,0
3394,0
9142,0
10588,1
1080,1
7230,0
8838,1
10322,1
7869,1
5206,0
10913,0
3922,1
9403,0
7439,1
7426,0
8916,0
6928,1
4339,0
6774,1
8487,0
4267,1
5009,0
10042,0
5777,1
3033,0
9859,0
4081,0
8500,0
6421,1
9677,1
10789,0
5148,1
7583,0
11985,1
4127,0
4187,0
11663,1
10214,1
7846,0
9864,0
326,1
10619,0
4981,0
6046,1
2224,0
8857,1
12335,0
6449,1
930,1
11957,1
564,0
8273,0
7840,1
8908,0
5964,0
8963,0
3116,1
1707,0
11857,0
863,1
8285,0
8580,0
2185,1
819,0
4000,0
2013,0
9988,0
6371,0
9107,0
1852,0
7958,0
12120,1
11996,0
10751,0
869,0
325,0
9428,1
3107,0
3563,1
4520,1
4212,0
6067,1
8169,1
4665,1
11753,1
6072,1
3877,1
2222,1
8834,0
1680,0
4837,0
10970,0
1312,1
1191,1
6115,0
12068,0
6833,1
7832,0
6102,0
254,0
6268,0
12103,0
3746,0
8961,1
2221,1
9096,0
2317,0
2948,0
1082,1
6286,0
4099,1
2286,0
477,0
5444,1
1579,0
10468,0
6118,0
3321,1
8084,0
3682,1
3558,1
10515,0
9896,1
3012,0
10421,0
2319,1
6159,0
11082,0
6820,1
3296,0
2092,1
11817,0
4029,0
6991,0
3751,0
4310,0
6859,1
7631,1
6380,0
2788,1
8606,0
6055,1
1839,0
3928,1
6035,0
7549,0
749,0
625,0
10274,0
8317,0
3984,0
5229,0
1314,0
6336,0
6306,0
4621,0
3202,0
5979,0
7243,0
12240,0
11537,1
7153,1
4166,1
1040,1
11799,1
12145,1
856,0
3646,1
8289,0
9470,1
375,1
764,0
11236,0
4409,0
6899,0
9746,0
4028,0
5058,1
548,0
6173,0
7659,0
3661,1
598,0
5789,1
523,1
968,0
4548,1
6186,0
7554,1
2794,0
11086,0
6030,0
12349,0
2833,1
238,0
1687,1
8000,0
1196,0
1219,0
2699,0
11731,1
7043,1
1941,1
9336,1
2814,0
2347,1
2661,0
1789,1
11329,0
11546,0
3223,1
999,0
11093,1
1313,0
8355,1
10901,0
6455,1
713,1
404,0
8510,0
9556,0
10305,1
3171,0
3674,1
121,0
488,0
8570,0
8074,0
7776,1
1063,0
10532,0
291,0
10715,1
4163,0
8850,0
5998,0
623,0
4780,1
2785,0
5282,0
934,1
4806,0
11366,1
4357,1
4534,0
633,1
428,0
7112,1
9683,0
1347,0
9511,0
5315,1
6553,0
4563,0
6821,1
1768,0
10030,1
277,1
4784,1
9570,0
1983,1
3979,1
7595,1
10961,0
8616,0
5709,0
9088,0
2344,0
12478,0
1944,0
10981,0
3666,0
4036,1
4723,1
2397,0
7785,1
1376,1
11328,0
2560,1
10693,0
8601,1
8429,0
9051,1
4764,0
4154,0
369,1
3256,0
10120,0
2325,0
9255,1
7555,1
2739,1
904,1
6247,0
2786,0
10658,0
7063,0
2734,0
7881,1
872,0
85,1
6793,1
207,1
3446,0
987,0
11758,1
9635,0
7721,0
7494,1
9733,0
7180,1
2523,0
866,1
7730,0
12086,1
6979,0
6832,1
7188,1
7605,0
12090,1
7024,0
143,1
8553,0
9337,0
6057,0
9881,0
5038,0
4623,1
57,1
252,0
7140,0
1388,0
4048,0
7732,1
4421,1
2545,0
1620,1
4604,0
7487,0
3273,1
1406,0
10855,1
10499,0
8185,0
5702,0
5962,0
6378,0
12106,0
11570,0
11725,1
9492,0
10516,1
4624,0
6519,0
3168,0
5276,1
4703,0
7597,0
10910,0
5301,1
1034,1
10651,1
1661,0
116,0
5570,1
3738,0
2466,1
1221,0
8763,0
12102,0
11202,0
2006,0
7499,0
4614,0
4227,0
10020,0
4833,0
1087,0
9792,0
11659,0
6446,0
3068,1
8036,0
8480,0
4316,1
8665,0
10217,0
2596,0
11677,1
10868,0
6499,1
14,0
837,1
12181,0
3289,0
11908,0
11654,1
4481,0
9452,0
12424,0
12208,1
921,0
10682,0
5865,0
11509,0
4753,0
3239,1
11277,1
9561,1
413,1
11993,0
7141,1
11732,1
5356,0
962,0
8956,0
2334,1
12012,1
2198,0
8455,1
2148,0
52,0
2008,1
8348,0
12465,0
7267,0
7578,0
2203,0
5925,1
1669,1
7453,1
7466,0
10616,1
9023,1
9315,0
3329,1
3668,0
3447,0
2815,0
1130,1
4885,0
4168,0
9123,0
6168,0
11624,0
8315,0
8059,0
70,1
11967,1
7879,0
8974,1
6679,1
7259,1
10985,1
8089,0
8339,0
1846,1
2888,0
9990,0
8509,0
6019,1
2300,1
681,1
4905,0
1463,0
2594,0
7448,1
2642,1
8178,0
7588,0
4186,1
1356,1
8375,0
7940,0
5907,0
9037,0
4248,1
7332,0
5741,0
8996,0
9910,0
5198,0
298,1
345,0
10402,0
7759,0
3837,1
6967,1
10130,0
12085,0
2566,0
889,0
8508,0
11935,0
2168,0
1327,1
510,0
11033,1
6025,1
5176,1
8434,1
1893,0
858,0
7277,0
10229,0
826,1
4366,0
11015,1
12024,1
11682,0
8622,1
5744,0
230,0
3919,1
1459,0
1439,0
9691,0
3023,0
5211,0
12040,1
3005,0
4210,1
4332,0
735,1
11461,1
4727,0
8762,1
6223,1
7747,1
11558,0
5378,1
6391,1
7242,0
6265,1
3424,0
10730,1
2202,1
874,1
7386,0
5878,1
12464,1
12226,1
3803,0
3448,0
4255,1
466,1
10276,0
4116,1
12385,1
603,0
6609,0
1654,1
5905,1
6642,0
12430,1
5389,0
3965,0
10557,0
8957,0
5547,0
9320,0
1672,1
2410,0
10135,1
1149,1
12386,1
6855,0
9261,1
1956,0
10435,0
10911,1
40,0
9929,0
9001,0
10858,0
9094,0
9077,0
7402,0
1568,0
7826,1
12158,1
9520,1
8390,0
3721,0
6962,1
11784,1
9134,1
3302,1
5851,0
9484,0
7455,1
4474,0
2359,1
3203,1
6547,0
4880,0
4977,0
7175,0
260,0
3953,0
10636,1
4244,0
6452,0
12490,1
2744,1
12485,0
58,0
838,0
10346,0
2292,0
6664,1
3025,0
6996,0
5936,1
10158,0
11924,0
9301,0
3065,1
9735,0
5920,0
10317,1
5705,0
3339,1
3319,0
5433,1
11003,0
10812,0
5418,0
3969,0
7694,1
10591,1
2327,0
2402,0
6722,1
795,0
4970,0
11992,0
7299,0
11315,0
11714,0
5520,1
10581,1
8346,1
4954,1
4656,1
442,0
11722,0
1609,0
9170,1
4936,0
1741,0
7415,1
1185,0
1564,1
11421,0
6867,0
10237,0
8129,0
283,0
4643,1
11046,1
2550,0
9557,1
9803,0
11494,0
5278,0
4389,0
9539,1
8374,0
127,0
4197,0
5253,0
2928,0
666,0
10703,0
8373,0
5590,1
3183,0
533,0
3755,0
11706,1
9074,0
3371,0
5492,0
11297,1
11785,0
6156,0
7517,1
2015,0
3372,1
10817,0
10734,0
10717,1
4055,0
5066,0
3579,1
2083,1
9956,1
635,1
9898,0
4294,1
10019,0
12030,0
10640,1
10125,0
1639,0
3187,1
8422,1
5571,1
3148,1
10040,0
10708,1
8060,0
2276,1
149,0
4269,0
5103,0
9950,0
8988,0
5472,0
5383,0
5425,1
415,1
10780,0
892,0
1193,0
10379,1
744,0
3944,0
1115,1
10309,0
2804,1
5096,1
388,0
11893,0
4429,1
12323,1
857,1
7525,0
7971,0
6998,0
1632,1
1691,0
7118,0
11786,0
4309,1
7819,0
4194,1
8337,1
8657,0
2117,0
4041,0
10919,1
9246,1
5754,1
1331,0
4273,0
5363,0
9118,0
334,0
7104,1
12499,1
6799,1
7423,1
1867,0
10342,1
7558,1
5649,1
2141,0
10566,1
6904,0
12026,0
7803,1
524,0
4721,0
2676,0
11600,0
5257,0
2519,0
11640,1
4275,0
8441,0
1595,0
5968,1
1036,0
11983,0
8113,1
12153,0
11293,1
7317,0
2999,0
10470,0
10218,0
6527,0
10695,1
6166,0
3000,1
6675,1
3029,1
10859,1
10979,1
1860,0
8558,0
3505,1
2386,0
10334,0
7161,1
275,0
8433,1
9354,0
8676,0
9976,0
7375,1
11826,0
6698,0
12148,1
5042,1
5412,0
11023,0
3829,1
2724,1
931,0
11586,1
1772,0
7404,0
10575,0
1548,0
10483,0
4165,1
11704,0
11317,0
925,0
914,1
935,1
8802,1
2095,1
10654,0
10936,1
12277,1
3069,1
9588,0
10485,0
4023,1
2121,1
3063,0
8264,0
10948,1
10249,1
2679,1
743,0
9913,0
9334,1
10876,1
9201,0
10011,1
9798,1
8259,0
9589,0
4283,0
7310,0
3981,1
7262,0
4252,0
11076,0
4846,0
7435,1
3957,0
11708,0
8227,1
3389,0
9079,0
7400,0
11495,0
10058,0
10546,0
9418,0
11292,1
3225,0
11500,0
2059,0
9688,0
1780,0
8456,0
4836,1
5579,0
11142,0
478,0
4559,1
929,0
10680,1
7717,0
9828,1
6913,0
2584,0
3789,1
3601,1
6809,1
2610,0
9817,1
11577,0
11912,1
6123,1
9661,1
1442,0
9640,0
10530,0
11697,1
11261,1
9398,1
9971,0
7209,1
10972,0
4353,0
8318,0
10482,0
7619,0
9678,1
10050,0
6311,0
10814,0
627,0
5623,0
8911,0
12126,0
1293,0
8782,0
12467,0
2382,0
4630,1
5152,0
5339,1
8870,1
5773,0
3637,1
492,0
5803,0
4205,0
8481,1
1261,1
11181,0
7895,0
6133,0
4087,0
8088,1
1824,0
3937,1
1111,0
7603,1
4381,0
815,1
7110,1
9141,0
8021,1
2606,1
948,0
12484,0
6260,1
1239,0
11125,1
7385,0
7655,0
2463,0
8720,0
10652,0
10552,0
5518,0
597,0
2311,1
9513,0
6287,1
9465,0
8989,0
5776,1
7793,0
3887,0
7052,1
5677,1
5656,0
11021,1
7075,1
3018,1
11520,1
6892,0
862,1
10905,0
11471,1
92,0
5670,0
6014,0
3192,1
579,0
11240,0
5030,0
5530,0
3865,0
958,1
4311,0
9021,0
6321,1
11331,1
6263,0
1864,0
2398,1
2166,0
10066,0
7339,0
2852,0
7970,0
10424,0
716,0
1007,1
4883,0
3238,0
3511,1
2526,0
7642,1
10531,1
1635,0
4859,0
39,1
2419,0
3801,1
2818,0
4419,0
3968,0
698,0
1749,0
2738,0
4037,0
12161,0
8673,0
7526,1
5541,0
4341,0
9536,0
525,0
96,0
8018,1
11100,1
9314,1
7514,0
5892,1
3931,0
1318,1
1498,1
6218,0
11971,0
3251,0
3827,1
1038,1
1285,0
10753,0
6004,1
4897,1
10718,0
7992,0
575,0
10574,0
12313,1
8823,1
719,1
7859,0
2022,1
8599,0
505,0
12470,1
12096,1
2582,1
10667,1
8707,0
3722,1
5799,1
7430,1
8703,1
1838,1
11737,1
655,0
660,0
5513,1
2846,1
4400,1
1584,0
9232,0
3592,0
8977,1
7612,1
11272,1
6246,1
6932,0
7044,0
8958,1
577,0
8114,1
2866,0
9763,0
9463,0
8181,0
8133,1
8830,0
3492,0
1523,0
2485,0
8938,1
1248,1
6650,0
11690,0
861,1
8863,1
8086,1
427,1
9820,0
5625,0
9827,0
6161,0
4157,0
3702,0
12443,1
1478,0
11597,0
384,1
7233,0
9258,0
7261,1
5708,0
4431,0
2302,0
5190,0
8206,1
4338,0
8173,0
7467,1
11346,1
8760,0
9706,0
2557,0
6580,1
9279,1
5482,1
10164,0
9371,0
5311,0
1460,0
5322,1
11643,0
10771,1
1538,1
8279,0
4513,0
2727,0
1121,1
6854,1
621,0
5431,0
5411,0
7862,0
7702,0
9857,0
4748,0
7143,1
11424,0
11117,1
9182,0
9350,0
8111,0
11134,1
5220,1
103,0
5622,0
5394,1
5256,1
12061,1
11811,0
7874,1
7388,1
6318,1
9479,0
11618,0
1611,0
6058,0
3021,0
3193,0
1426,0
7672,0
541,0
3632,1
11422,1
4314,1
1303,0
1572,0
2363,0
12376,0
4782,1
12047,0
6537,0
11521,1
7166,1
6228,0
7326,1
4590,1
8571,0
7771,0
6495,0
754,0
581,1
2063,1
513,0
8915,1
9621,0
5460,0
4021,1
5845,1
3779,0
8859,0
8902,1
6526,1
7745,0
12,1
4013,0
4164,1
269,1
9019,0
9694,0
2632,0
12324,0
6027,0
7349,0
6645,0
2543,1
106,0
7563,1
7985,0
762,0
11165,1
113,1
9848,0
6596,1
5268,0
5983,0
5785,0
7647,1
5813,0
11715,0
9593,0
4002,0
4506,0
8396,1
1189,0
3595,1
7280,1
11220,0
8246,1
3614,0
4284,0
432,0
2774,0
7871,0
5143,1
1970,0
353,0
5275,0
10756,0
8149,0
7968,0
3409,1
7172,0
8696,1
2538,0
12229,0
11160,0
2442,1
11034,0
7226,1
8942,0
7701,1
10701,1
3191,0
2090,0
957,0
787,0
4902,1
7923,0
8275,0
5645,0
12263,1
7706,1
12372,1
6612,0
1359,0
11105,0
7275,0
10239,0
8672,1
11543,0
5077,0
2188,0
1401,1
4519,0
8836,0
2904,0
1715,1
2360,0
11620,0
761,0
3309,1
10759,0
5358,1
6784,0
792,1
5089,0
257,1
4690,0
4685,1
4150,0
11449,0
12374,0
6944,1
11280,0
3635,0
557,1
2567,0
2942,0
4085,1
10446,0
2342,1
851,1
8155,1
8776,0
7746,0
4291,0
4086,0
1473,0
1328,0
6444,0
2261,0
10300,1
5848,1
6813,1
4285,0
5181,0
1622,0
4473,1
2395,0
11355,0
11980,0
4731,1
49,1
4923,0
6301,1
2207,0
7463,1
9825,0
10612,1
6098,0
4491,1
12256,1
7083,1
4915,1
2383,0
3173,0
9481,1
3092,0
7397,0
1140,0
1205,1
12400,0
7693,0
12316,1
8439,1
10230,0
424,1
9150,0
7959,0
1071,0
241,1
8045,1
5078,1
7179,1
11730,0
10857,1
5717,1
3079,0
3059,0
1803,0
10355,0
8671,1
2898,1
5031,0
1740,0
11382,0
8360,1
6107,1
4957,0
491,1
416,0
9823,1
2685,0
8232,0
5423,0
7150,0
5835,0
10178,0
3469,1
1630,1
465,0
8073,1
5076,0
11723,1
2960,0
5760,0
7489,1
1716,0
3942,1
278,0
2354,0
9919,1
6042,1
6012,1
9757,0
10944,0
6086,1
9344,1
737,0
7165,0
2123,0
11661,0
1258,0
6249,1
6635,1
2990,1
9673,0
2362,0
5511,0
1891,0
4274,1
5167,0
4554,1
12479,0
1028,0
5180,1
8398,1
10392,0
5022,1
9728,0
8478,1
12039,1
1837,0
11773,1
4890,1
1403,0
5778,1
7053,1
9156,0
5302,1
2703,0
8593,0
11821,1
12230,1
6354,0
12432,1
3393,0
5526,0
3108,0
2985,0
7293,1
9977,0
2581,1
5713,0
8094,0
10934,0
9005,0
8458,0
6077,0
1927,0
10304,1
4616,1
7465,1
10633,1
1588,0
6910,0
9646,1
7982,1
1634,1
5234,1
6688,1
1659,1
1813,1
3833,1
12210,0
9875,0
9979,0
10101,1
4778,0
3778,1
6127,0
11522,1
9195,0
5862,1
7411,0
9406,0
11136,0
7928,1
7263,0
2935,0
1412,0
9421,1
5805,0
28,0
508,0
2234,0
1228,0
4130,1
11798,0
8664,0
3669,1
4888,0
12092,1
11771,0
7145,0
10436,1
1949,0
9770,0
9797,0
1631,1
6852,1
1898,0
8627,0
9119,1
6037,0
1409,1
1539,0
3805,1
12422,1
8494,0
7888,0
2726,0
3257,0
1953,0
6470,0
5837,0
7231,1
9345,1
274,0
3689,0
11427,1
12118,0
5980,0
2124,1
7144,1
3744,1
456,0
1492,1
6309,1
10986,0
11320,0
4539,1
3421,1
1831,1
11233,0
6056,0
10368,1
7616,1
4380,0
9781,0
10506,0
626,1
4808,1
10091,0
6934,1
11716,1
2872,0
12130,0
5408,0
4224,0
613,0
9633,0
7502,1
7286,0
4320,0
4910,0
9064,1
10348,0
7498,0
5540,0
4588,1
6823,1
894,0
12431,0
3058,0
1453,0
11026,0
2082,0
729,0
1508,1
11217,1
1702,0
1688,0
6877,0
7571,0
10223,0
2648,1
10660,0
3838,0
204,1
8770,0
12258,0
828,1
10009,0
7788,1
736,0
2886,0
10311,0
1360,0
2133,0
5743,0
9011,1
1334,1
1910,1
11587,0
11567,1
9630,1
4921,0
110,1
6188,1
10033,0
12237,1
10626,0
7882,0
2340,1
9496,0
12260,1
2343,0
6060,0
6439,1
8326,1
10236,0
3489,0
4850,1
3101,1
3857,0
5435,0
1183,1
5798,0
11469,1
11152,1
3156,0
5335,0
2389,1
8083,1
9716,0
10241,1
10745,0
4406,0
3788,1
5879,0
7544,1
2623,0
1607,0
4927,0
6024,0
10112,0
6702,0
2273,0
7312,0
5600,1
1127,0
9456,1
2995,0
3260,1
10608,1
12219,0
7566,0
5224,1
9318,0
12097,0
9549,1
4253,0
7820,1
7579,1
3625,1
9227,0
3010,0
8377,0
5784,1
7601,1
4065,1
7265,1
7890,0
11721,0
10891,0
4119,0
4932,0
5207,0
507,1
2671,0
1422,0
7008,1
10542,0
5101,1
11838,1
11647,1
2201,0
1513,0
2865,0
8631,0
2,1
8419,1
10977,0
1939,1
11196,0
8272,0
986,0
3253,1
7518,0
3876,0
11364,0
2401,0
8131,1
917,0
2157,1
6758,0
11913,0
3526,1
2405,0
2335,0
6447,1
3660,0
7658,1
5494,1
7189,1
7831,0
330,0
295,0
7863,0
4344,1
43,1
4525,0
5843,1
11053,0
11159,1
2899,0
11385,1
11972,0
1748,0
2434,0
10093,0
1139,1
11370,1
2180,1
10107,0
2041,1
4367,1
9731,1
2098,0
4015,0
2547,1
88,1
3078,1
2424,0
4094,0
1502,0
3802,1
5034,0
151,0
911,0
5011,0
4516,1
6518,0
6686,0
11683,0
5995,1
5475,0
7929,1
680,0
9858,1
10955,0
6916,0
6950,0
4555,0
5854,0
4296,0
6366,0
1951,0
5026,0
3013,0
10885,0
8251,0
3091,0
8889,1
159,1
8740,1
4056,0
7017,1
9812,0
10263,1
7667,0
4424,1
5375,1
73,1
2797,0
9325,0
9732,0
10537,0
981,1
10893,0
691,1
2551,0
458,0
5524,1
11368,0
2194,1
4101,0
3304,0
6182,0
8948,1
8858,0
9872,0
9162,0
7663,1
9815,1
2591,0
1747,0
6694,0
6273,1
5586,0
6977,0
7520,1
6692,0
6616,0
9718,0
6908,1
6982,1
8653,1
2114,1
7978,0
4522,0
6768,0
1234,0
6802,1
9829,1
10240,0
9893,0
1761,1
6848,0
11379,1
6656,0
6889,0
7065,1
3490,1
8179,0
7468,1
6620,0
4416,0
5801,1
11676,0
9985,1
2501,0
9026,1
10248,0
10407,0
2658,0
5544,0
9453,0
8470,1
2452,1
11005,1
6293,0
11107,0
12046,1
5808,1
2165,0
2310,1
1682,1
10903,1
4432,1
4445,0
3886,0
1920,0
9339,0
2150,0
6641,1
11440,0
11402,1
7539,0
7258,0
11701,0
5192,0
2605,0
7893,0
7752,1
8305,1
10754,0
10610,1
133,0
2047,0
10673,1
11155,1
520,0
6853,1
10969,1
2806,1
3567,1
8152,0
12367,0
11756,0
5850,0
9130,0
2380,0
7531,1
1300,0
8072,1
6043,0
10607,0
1777,0
2021,0
11787,1
7870,1
10501,1
4123,0
537,0
1901,0
8147,1
11973,0
2820,1
4763,1
11492,0
3382,0
7829,0
763,1
8647,0
7163,0
10778,0
4200,0
2370,0
9867,1
3178,0
12078,0
11705,1
6498,0
10169,1
227,1
347,0
1244,0
9061,1
3675,1
7952,1
30,1
608,1
881,0
1946,0
4348,0
3139,1
4321,0
11115,0
12305,0
4016,0
1708,0
7461,1
10707,1
2345,1
7168,1
3806,1
3832,0
9441,1
8808,0
1794,1
9443,1
5675,0
2619,0
1378,0
160,0
11384,0
7395,1
8575,0
10284,1
10881,0
10060,1
8784,1
6543,0
2191,0
1809,1
12344,0
7587,1
3062,1
12251,1
7720,0
8331,1
6604,0
11363,1
4530,0
11688,0
8866,0
9656,0
10806,1
8623,0
678,0
11311,1
1919,0
10853,1
11464,1
6914,0
3157,1
3930,0
12184,1
4975,0
1147,1
6317,1
4501,1
1720,0
7850,0
1123,0
6844,1
7764,0
4701,0
444,0
2569,1
3687,0
10343,0
12089,0
9278,0
1297,0
7691,0
11769,0
9772,1
6623,0
12270,0
6276,0
4854,1
6579,1
765,1
9071,0
748,0
9108,1
5752,0
4080,1
7059,1
6400,1
8365,0
8041,0
11792,1
3598,1
4162,0
6017,1
5210,0
3871,0
3456,0
152,0
6180,1
9068,0
6667,0
1475,0
11607,0
7629,0
9917,1
296,1
6986,0
6171,0
4218,1
1762,1
9378,1
768,0
10243,1
6150,0
10449,1
3258,0
10963,1
10519,0
3854,0
10692,1
4984,1
4159,0
11879,1
8774,0
926,0
7039,0
7134,0
8288,1
3972,0
314,0
10261,1
6376,0
3019,1
10417,0
654,1
6319,1
9664,1
10779,0
4502,0
4843,0
8715,1
5591,1
6521,0
2269,0
11069,1
4546,1
8829,1
7743,0
9290,0
3889,0
1528,0
4979,1
6971,0
10684,1
7190,0
10213,0
4422,1
9073,1
3973,1
7897,0
1697,0
4853,0
5440,1
2964,1
5654,0
6294,0
5756,1
8400,0
9191,1
3517,0
3185,0
8582,0
2528,0
1236,1
4214,0
8812,0
5620,1
6874,0
11111,1
5470,0
12067,0
12487,1
101,0
11877,1
6398,1
6120,0
9743,1
10486,0
11977,0
411,0
11456,0
1850,0
1288,0
7485,0
8564,1
1602,0
4536,0
8189,0
5036,1
4279,0
8416,1
5698,0
1613,0
10432,1
6598,0
8837,1
7902,1
1448,1
5193,0
6169,1
6081,0
2883,0
1713,0
5605,0
5967,0
6488,0
11239,1
6179,0
55,0
11488,1
2223,1
5485,1
11242,1
7176,0
6565,0
6611,1
4198,1
1859,1
5104,0
1729,0
4208,1
7041,0
6474,0
352,0
3204,1
6515,0
1580,1
9785,0
6980,1
2717,0
6345,0
1800,1
4980,1
6978,0
11020,1
23,1
8873,0
2489,1
367,1
11241,1
4789,0
10395,0
7408,0
6710,1
342,0
10641,1
6344,0
1784,1
3114,1
10323,1
5306,1
7789,1
6662,0
4451,1
9580,0
10154,0
11990,1
11392,0
9022,1
8924,1
9127,0
9974,0
5517,0
5891,0
6508,0
3046,0
5557,0
9467,0
8559,1
5132,0
9440,0
1984,1
10198,0
11314,1
3190,0
6375,0
8780,0
2952,1
348,1
12233,0
5770,0
6783,0
8698,0
5289,0
10437,0
9164,1
2170,0
6082,1
12060,1
5508,1
11636,0
512,0
7713,0
2672,0
12282,1
9014,0
8228,1
10477,0
9154,0
3565,0
3949,1
1601,0
9491,0
6437,0
3577,0
7734,1
10620,1
5933,0
11565,0
3449,0
4544,0
6670,1
10043,1
9811,0
9410,1
5005,0
329,0
5191,1
9903,1
5381,1
11634,0
1151,1
11917,1
4963,1
2912,1
6570,0
3782,0
3014,0
6298,0
2377,0
5704,0
4569,0
12018,0
5780,1
10522,0
2819,0
7060,0
3923,1
6244,1
10510,0
2687,0
8125,0
780,1
3733,0
11593,1
2966,0
10302,0
3026,0
8077,1
1240,0
7068,1
8701,0
7449,0
8218,0
10547,0
4070,0
10991,0
2823,0
11923,1
4813,0
1534,0
1055,0
7534,1
1759,1
8200,0
2791,1
5342,0
8801,0
1781,1
2472,0
10866,1
5974,0
7510,1
5806,0
7091,0
6929,1
10931,0
3656,0
8226,0
8668,1
3591,0
8990,1
2675,0
1820,0
1948,1
4392,0
3004,0
11088,0
5725,0
4113,1
7989,0
1652,0
3933,1
3071,0
11835,1
3816,1
7355,0
5575,1
6304,0
9963,0
3270,0
7987,0
8108,0
1714,1
8332,1
11532,0
10399,1
460,0
11249,1
5914,0
12069,0
6756,0
8928,0
2692,0
313,0
5051,0
2767,1
11050,1
11235,0
4470,0
4956,0
247,1
1974,0
8055,0
1257,1
9576,0
7351,0
10770,0
4317,0
8438,1
12176,0
9449,1
223,1
4106,0
11243,0
3639,0
5175,0
2351,1
10599,1
906,0
8471,0
6505,0
4222,0
6315,1
9550,1
12217,0
11007,0
6483,0
12292,1
3368,0
6516,1
7099,0
11909,0
2179,1
8761,0
2115,1
9768,1
10444,1
7751,1
6201,1
8005,1
6184,0
846,0
10450,0
1373,1
2890,0
2781,0
7574,0
3093,0
11503,0
8151,0
10509,0
6882,0
7806,0
5376,0
8063,0
922,0
9958,0
8501,0
901,1
12435,1
2735,1
3432,1
10914,1
5671,0
9500,1
2945,1
1624,0
11820,0
1840,1
915,0
8602,0
9524,0
12059,0
11650,1
11487,1
10077,0
5262,0
3353,0
10908,0
8766,0
4146,0
6936,1
7767,0
11614,0
785,0
7319,0
10500,1
1224,1
4686,0
1633,1
4973,1
1952,0
7074,1
5525,0
2230,1
5400,1
12463,0
7187,0
1685,0
11975,1
6343,0
3607,0
3060,0
777,1
9242,0
2783,0
1616,0
12000,0
5767,0
4886,0
2249,0
5330,0
11526,1
222,1
11541,0
11124,0
7527,0
364,0
2688,0
5512,1
6078,1
11588,0
1894,0
2861,1
6117,1
8243,1
3678,0
8605,0
10634,0
2456,0
10092,1
12384,0
1738,0
7026,0
11641,0
6863,0
2673,0
10505,1
10057,1
6630,0
7624,0
5245,0
4203,0
1237,1
10036,1
3277,1
2909,0
10894,0
10330,0
3497,1
2308,0
2512,0
9447,0
6481,1
2690,0
321,0
2636,0
9604,0
10670,0
5932,0
3783,1
3298,1
5062,1
6194,0
6926,1
2522,0
2065,1
9282,1
1994,0
8533,0
213,1
4993,0
9680,1
1763,0
2683,0
7705,1
6953,1
12073,1
7055,1
8459,0
5938,1
11036,1
6753,1
9643,1
5857,1
9756,0
9595,0
5294,0
11863,1
250,1
2208,0
2779,0
2019,0
4095,1
12497,0
7675,0
7113,0
9338,0
3141,0
3616,0
5825,0
2897,0
6734,1
679,1
7980,0
3491,1
1351,1
5260,0
8415,1
8534,1
8136,0
8384,1
6663,1
2949,0
11519,1
4918,0
6864,0
97,1
5049,1
9891,1
4423,0
9707,1
12080,1
10982,1
11903,0
10313,1
6811,1
12340,0
8183,0
2691,1
4585,0
11453,1
3145,1
5668,0
11327,0
8117,1
3634,0
9260,0
7925,1
7812,1
422,1
809,1
10702,1
9873,1
11724,0
4593,1
10984,1
12322,0
3236,0
1731,0
4766,0
11989,0
11224,1
3645,1
1597,0
8699,1
4568,0
7009,0
5506,0
1452,1
8579,1
4648,0
284,1
11793,0
3818,0
7913,1
2152,0
6426,1
3234,0
5751,1
10085,1
7998,1
8709,0
1683,0
7969,1
4987,0
5833,0
12491,1
4573,1
10841,0
11559,0
2561,1
362,0
8403,0
4872,1
2462,1
4757,1
4858,1
6887,1
3612,0
3500,1
10545,0
9121,0
3464,1
7322,0
403,1
455,0
11496,1
10704,1
12123,0
3594,0
7707,0
6476,1
702,0
8454,0
2412,1
2155,1
5740,1
8980,1
5868,0
6564,1
1755,1
5108,0
5916,1
11438,0
3730,0
8619,0
7306,1
9271,0
2873,0
3943,1
3262,1
9616,0
9915,0
7515,0
12405,0
405,1
9647,1
5367,1
10412,0
3633,0
9353,0
4362,1
11135,0
8047,0
5344,1
4482,0
1906,1
1975,0
4645,0
11133,0
1031,0
5516,0
5017,0
1352,0
6544,1
10049,0
5137,0
9874,0
10836,1
2153,0
6232,1
4670,0
6303,0
10716,0
10034,1
9251,0
907,1
8096,1
2973,1
12127,0
3809,1
4498,1
10747,0
1316,0
2260,1
12119,0
758,0
5023,0
12474,0
4145,0
3929,0
4983,0
3564,0
7229,0
7889,0
4772,1
7021,0
12244,0
12477,1
9115,1
7972,0
6114,0
9028,0
7126,0
7529,0
6719,0
5028,0
7615,0
5371,1
6938,1
3457,0
9027,0
3662,0
4459,0
4839,0
11937,0
11575,0
2106,0
9090,0
3356,1
9809,1
5070,1
8800,1
2630,0
908,0
2520,1
81,1
8356,0
4729,1
8262,0
11747,0
8779,1
4641,0
10538,0
6327,1
5290,0
2228,1
6862,1
10957,1
11984,1
4809,0
711,0
2877,1
1938,1
2669,0
7911,1
11883,1
5179,0
9758,1
2667,0
3375,1
2138,1
7348,1
9951,0
4207,0
8892,0
9687,1
7464,0
2800,1
11921,1
6299,0
2926,1
8252,1
636,0
9627,0
7493,0
6949,1
8684,0
9273,0
522,0
4990,0
5426,1
10024,1
2307,0
11171,0
11845,0
9573,1
7211,0
2160,0
1108,1
5966,0
2947,0
1157,0
5393,0
9198,0
9125,0
11445,1
3176,1
5228,1
2921,0
5836,1
9821,1
9210,0
592,0
4821,1
12029,0
3452,0
12159,1
10027,1
162,0
1619,1
1812,0
10183,0
11094,0
4810,0
4599,1
8810,0
10710,0
1913,0
9035,0
7478,0
6369,0
11843,1
6865,0
9876,0
4201,0
6881,0
8207,1
9136,1
64,1
10529,0
8342,1
2387,1
6272,0
5842,0
12032,0
6387,1
3301,1
12225,0
9545,0
9343,0
694,0
1735,0
11768,0
2908,0
2930,0
140,0
8629,1
865,1
3582,1
972,0
3397,0
6925,0
1522,0
7217,0
3948,1
4464,1
8727,0
1465,0
2484,1
599,0
7462,1
11963,0
7101,0
2546,1
10598,1
8539,1
4577,1
6741,1
136,0
3151,1
356,1
6810,0
1676,1
3686,0
6597,0
9514,0
3757,1
8022,0
5766,0
11615,0
2051,0
9805,0
8453,0
10383,0
11926,0
6582,0
2875,1
2252,1
35,0
3324,0
12028,1
11743,0
3828,1
5906,0
8632,0
3040,0
6851,0
4676,1
6300,0
4189,0
2074,0
8594,0
5484,0
11104,1
7197,0
5753,0
10081,0
381,1
8353,0
6068,1
7708,1
3300,0
11709,0
2711,0
5265,0
9980,0
10227,0
4287,1
8552,0
8366,1
6884,0
339,0
1638,1
12185,0
8821,1
8122,0
11308,1
10295,0
4642,0
5722,0
3927,1
2954,0
9205,0
7988,1
7473,0
3343,0
10124,1
4892,0
6497,0
12396,0
5939,0
4580,0
6608,1
1608,0
8249,0
270,1
11215,0
12331,0
3160,0
4618,1
2653,0
4985,0
3110,0
4457,1
3747,0
3477,0
5809,1
1879,0
8119,0
8309,1
3867,1
8044,0
8621,0
3305,0
6897,0
9207,1
187,0
3596,1
2336,0
10685,1
7792,0
12437,0
11070,1
4545,0
9723,0
3284,1
1954,1
8985,1
5510,1
8270,0
3615,1
4894,0
4912,0
10884,0
6226,1
1341,0
3698,1
620,1
5452,0
6890,0
6125,1
9310,1
4115,0
11144,0
8230,0
1821,1
8066,1
8070,0
4329,0
9564,0
6804,1
974,1
3514,0
2549,0
2695,1
6379,1
2313,1
11571,0
11112,1
322,1
4523,0
9376,0
7905,0
6880,0
831,0
624,0
9308,0
4102,1
6490,0
5538,0
7948,0
805,0
5468,1
3268,0
4946,1
4476,0
4045,0
6631,1
9537,1
83,1
4398,0
2467,1
8551,0
3235,0
10134,0
10854,1
11564,0
1507,0
6736,0
7213,1
8806,0
3586,0
11859,0
6888,0
3488,0
7737,1
6255,1
10615,0
10583,0
9066,1
7782,0
774,1
3901,0
3147,1
4874,1
1161,1
6786,1
3762,0
9699,0
4899,0
5665,1
9862,0
6477,0
7437,0
3064,1
402,0
11123,1
3739,1
9890,1
9482,0
2882,1
479,1
2957,0
6147,0
12193,0
6879,0
5236,1
3515,1
1135,0
379,1
7857,0
647,0
9069,1
3573,0
2012,0
2239,0
6381,0
6875,0
11728,0
10193,0
8687,0
9741,0
3672,0
5424,0
3895,0
12172,1
4271,0
3435,1
11194,0
10168,0
11548,1
5501,1
10363,0
11158,1
4019,0
7852,0
11501,0
6724,0
98,1
9883,0
11184,0
7157,0
2163,1
784,1
6699,1
38,0
1833,0
10131,0
1641,0
7367,1
172,1
7092,0
292,1
1423,0
5791,0
10191,0
1173,1
4196,0
7371,1
2631,0
5177,0
4770,0
7089,0
12341,1
9774,1
8387,0
3773,0
12183,1
2192,0
11755,0
1976,0
5549,0
3572,1
8037,1
3390,0
6121,1
11824,1
1443,1
5024,1
4373,0
1698,0
5139,0
3569,1
7069,0
7061,0
6466,1
9909,0
6869,1
2318,0
4608,0
9213,0
5683,0
1361,0
1365,0
980,1
8792,1
11413,0
11631,0
4755,1
2183,0
3291,1
9852,0
10369,0
4363,0
1399,1
1184,1
4714,1
11296,0
11284,1
12187,0
12412,1
9163,0
417,0
264,0
7296,0
8693,1
9878,0
11451,0
1977,0
2429,0
7817,1
8395,1
3313,0
5348,1
6816,1
1645,1
595,0
90,0
11609,0
8890,0
7649,0
4726,1
5480,0
6613,0
3583,0
8141,0
10272,0
5392,0
8222,0
9761,0
9943,1
10210,0
12188,1
11523,0
6531,0
12074,1
1027,0
12139,1
12191,1
4644,0
4489,0
8692,0
11198,0
2069,1
5100,1
4031,1
3964,0
1220,0
8107,0
8268,0
5050,0
10076,0
6330,0
5800,0
3725,0
10056,1
5451,0
7799,1
10782,0
8752,0
4277,0
1074,1
8700,1
6442,0
9327,0
8145,0
10653,0
12109,0
9922,0
4430,1
12266,1
883,1
7687,0
4020,0
2959,0
5098,1
6486,0
386,0
3728,0
11578,0
4795,1
4103,1
11463,0
10004,0
5252,0
12314,1
7903,1
8682,0
6955,1
7669,1
3911,0
10498,0
9381,1
3167,0
10729,0
6709,0
2408,0
5960,0
10489,0
10697,1
10190,1
5483,0
10052,0
6883,1
53,0
1469,1
10842,0
6917,0
8493,0
11718,0
11907,0
6788,0
7413,1
5145,1
3287,0
10415,1
504,0
6829,0
11347,1
6701,1
439,1
3441,0
8242,1
184,0
2980,0
1267,1
3750,0
7682,0
10105,0
8299,0
629,1
10400,1
3550,0
5462,0
7564,1
6044,0
8370,0
7761,0
7636,0
4553,0
6994,1
1262,0
1436,1
5255,0
6323,1
5493,1
4286,1
94,1
1044,1
3143,1
267,0
170,0
448,0
9335,0
7550,1
10681,0
5303,0
3988,1
6162,1
10821,0
11922,1
9972,0
8376,0
7459,0
5246,0
12480,0
818,1
4864,0
120,0
2836,0
8250,0
1339,0
10103,0
10582,0
7671,0
12398,0
8950,1
8236,0
5495,1
10221,0
3386,0
2366,1
1848,1
5369,1
2333,1
5365,0
10926,0
8321,1
5130,1
443,1
8008,1
6626,0
4241,0
3037,1
10558,1
8100,0
11432,0
4529,0
1969,0
11822,0
4213,0
10293,1
5385,1
669,1
12476,1
11569,0
1667,1
4083,1
8705,0
8733,0
1433,1
4369,1
11472,1
848,1
12100,1
10283,1
1013,0
12351,1
810,1
11264,0
11657,0
5955,1
6965,0
8603,1
11259,0
4876,0
7252,1
1225,0
6013,0
2931,1
9422,0
11694,0
3255,0
12075,0
11255,0
12486,1
12239,0
3124,1
4324,0
3727,0
2248,0
7194,0
656,1
6520,0
6653,0
6806,1
4661,0
6740,0
6790,1
10774,0
2085,0
12045,0
10015,1
2184,1
2473,0
1673,0
2604,0
8931,0
3606,1
9430,1
7592,1
9442,0
5463,1
5610,1
5083,0
12446,0
5240,0
3708,1
11251,1
9787,0
2622,0
11563,0
173,0
2195,0
4966,1
5156,1
1222,0
7680,1
2048,0
7825,0
600,0
2693,0
10203,1
5417,0
3726,0
5706,1
10244,1
2511,0
6591,1
2010,0
8789,1
4769,0
2910,1
2766,1
8697,1
9651,1
9052,0
5823,0
1610,1
8276,1
1374,0
11635,1
11568,0
2862,0
1968,0
3241,0
5881,1
1287,0
2364,0
10209,1
9450,0
4695,0
10848,1
6583,1
9617,0
10938,0
8345,0
1427,1
6772,1
2215,1
2299,0
5597,1
3817,1
5602,1
9425,0
9739,0
5081,1
559,1
11581,0
9269,1
370,0
8651,1
12146,1
11186,0
9933,1
8046,0
3117,1
7646,0
5407,1
12321,1
12352,1
11801,1
8721,1
2805,0
5922,1
7149,0
6896,0
4235,1
5045,1
9721,0
12288,0
5771,1
10839,0
6128,1
3150,0
700,1
7123,0
8457,1
8473,1
11298,0
10727,0
3613,1
8585,0
11933,0
6362,0
12066,0
1679,0
11572,0
5604,0
12174,0
10898,1
2732,1
3032,1
8523,0
192,0
7214,1
8658,0
9552,1
6207,1
3290,0
2920,0
280,1
10278,0
7328,1
9031,1
7445,1
9095,1
4660,0
8421,0
3694,0
450,1
9738,1
2102,1
2309,0
11517,0
12297,0
684,1
2878,0
1905,0
5166,0
4601,0
6517,0
6973,0
8203,0
7225,0
2541,1
601,1
2488,0
5546,0
10595,1
2603,0
8965,1
1309,0
5037,0
3350,0
5047,0
3754,1
8758,1
9008,0
8295,0
4565,0
5902,0
9460,0
9116,1
10625,0
6080,0
10573,0
3052,1
3868,0
8209,0
9505,1
6009,0
9965,1
1350,1
3312,0
3174,0
9808,0
6707,1
1704,1
9748,1
8157,1
4126,1
5711,1
3100,0
1785,0
10495,0
4696,0
11089,1
3042,0
6333,0
7142,0
7914,1
3618,0
10825,1
9845,0
11493,0
6898,0
9986,0
1441,0
5870,0
5934,0
2837,0
11475,0
9305,0
8463,1
200,0
6101,0
4801,1
217,1
771,0
6523,1
8964,1
3351,1
5374,0
5882,1
2680,0
4155,1
8312,0
689,0
10029,1
10189,1
7272,0
4672,0
5566,0
2066,0
11256,0
7836,1
2758,1
9033,0
6270,0
11252,0
4401,1
10162,1
5041,0
8833,0
12272,0
9799,1
104,0
2151,0
10181,1
1647,0
5558,0
1424,1
82,0
558,0
5736,0
8518,1
6602,0
1614,0
1451,1
3717,0
2775,0
3617,0
24,1
5624,0
10975,0
10118,0
12034,0
11418,0
6644,0
8895,0
12038,1
808,0
5307,1
304,0
3862,0
2764,0
8338,0
1911,1
10761,0
1842,0
4507,0
9217,0
2304,1
8184,0
6157,0
9629,1
8420,0
11729,1
7458,1
7193,1
8329,0
2264,0
6563,0
11205,0
7204,0
9276,0
6063,0
12343,0
7739,0
10006,0
5731,0
4732,1
409,0
5971,1
4247,1
10920,1
3426,1
8842,1
12325,0
7360,0
8736,1
2205,0
11976,0
2892,1
12253,1
8998,0
4204,0
10167,1
8886,0
515,1
4441,0
5239,1
5647,0
3292,1
3961,1
3325,0
5886,1
11167,0
3951,0
860,0
9152,0
7224,0
3902,0
6105,1
10933,0
8388,1
10409,1
6071,0
6408,0
4657,0
1407,0
9020,0
9046,0
10331,0
2110,1
1093,0
12492,1
10618,0
11063,1
10250,0
7203,0
7003,0
8900,0
6622,1
10144,0
10258,1
7589,1
11998,1
1438,0
6410,0
11516,1
3960,1
4211,0
4096,0
9172,0
868,0
3105,1
4824,1
5663,0
1390,0
10008,0
1102,0
11380,1
3769,0
4312,0
6242,1
12198,0
7062,0
2702,1
9871,0
8161,0
11465,0
7429,0
6416,0
6,0
5436,1
8154,0
2173,0
12481,0
10978,0
10923,0
1033,0
4067,1
4220,1
1665,0
1066,1
2052,0
1417,0
3685,0
1981,0
10461,0
8856,0
12228,1
4439,1
2840,0
4637,0
2741,0
5235,1
4223,0
5391,1
338,0
11481,0
10431,0
7321,0
10065,0
11039,0
506,0
882,1
3330,0
2128,0
390,0
7530,0
12117,1
8280,1
10397,0
5153,0
676,0
2753,0
3219,0
5346,0
9880,1
1868,0
4904,0
11478,1
11420,1
2939,1
5568,0
11638,0
8081,0
9243,0
9579,0
8385,0
4838,0
1310,0
4172,0
10238,0
2700,1
451,0
2094,1
6119,0
10649,0
4490,0
9062,1
10802,0
2232,1
185,0
648,0
2638,0
1455,0
5142,0
3220,0
11662,0
4999,1
11128,1
6915,0
2780,0
1245,0
3280,0
11680,0
4736,1
3164,0
2761,0
3265,0
4206,0
6230,1
11455,0
1745,0
2341,0
1999,0
6149,0
11038,0
2262,0
2651,1
8182,1
7102,1
8266,0
3089,1
7376,0
2176,0
3391,1
7034,0
8966,1
10907,1
1918,0
3162,0
1709,1
9907,0
9734,0
11042,0
6827,1
4107,1
4596,1
2509,1
7623,1
6084,1
12265,0
1109,0
4881,0
6178,0
6763,0
7048,0
11179,0
4992,0
10003,1
11081,1
6335,0
2242,0
1586,0
3963,0
6028,0
5739,1
7228,1
9288,0
10874,0
7845,1
2029,0
4254,0
7947,1
10247,1
2659,1
4428,0
11955,1
8265,1
2431,1
9362,0
11791,1
6130,0
803,0
9927,0
3311,0
2556,1
7285,1
730,1
228,0
1211,1
7610,0
4679,1
11831,1
10958,0
6729,1
333,1
9364,0
8686,0
4632,0
3376,0
5165,0
6093,1
11051,0
6556,0
7536,1
8640,0
1230,0
3327,1
10639,1
6814,1
4282,1
2769,0
1280,0
2240,1
3297,0
10949,0
8777,0
11720,1
6229,1
201,1
5554,1
11950,0
95,1
32,0
3217,1
2367,0
9488,1
7384,0
4716,0
8351,0
7198,1
8642,0
2855,1
3067,0
10291,1
1489,0
6550,0
6561,0
7763,0
4325,1
10688,1
7130,1
12333,1
142,1
7915,0
1290,1
10604,1
8277,0
5686,0
2492,0
1596,1
11014,1
9975,0
9755,0
1131,1
7156,0
759,0
3658,1
10377,0
9970,1
10953,0
4847,1
9771,1
9367,0
2574,0
11126,1
1216,1
2570,0
323,0
5949,0
5855,0
5014,0
8936,1
9114,0
4346,0
11087,0
12221,0
4394,0
1171,0
11162,0
10254,1
8655,0
1100,0
5123,1
969,1
12216,0
11878,1
2697,1
4209,0
11178,1
6103,1
3266,0
9270,0
11852,1
3053,0
3932,0
3286,0
12415,0
7018,1
11028,0
7244,0
3125,1
1446,0
8729,0
3175,0
3073,1
12392,1
1354,0
12453,0
288,0
1603,0
8918,0
1512,0
5761,0
4012,0
12460,0
3888,0
701,0
5486,0
1180,1
3826,1
3974,0
12296,0
6511,1
11294,1
10813,0
5536,1
10196,1
9978,0
2967,0
3263,0
7264,1
10694,0
7107,0
9397,1
9294,0
10046,1
7162,0
2895,1
11594,0
6200,1
3439,0
1757,0
10186,1
6584,0
1692,1
2961,0
2451,1
10372,1
5318,1
3892,0
5847,0
6716,1
1965,0
2236,1
4818,0
9863,0
4535,1
5111,1
12022,0
5446,1
9157,1
1978,0
5945,0
2267,1
1019,1
8163,0
7333,0
6032,0
4783,1
4466,1
11667,0
8765,0
3628,0
6140,1
1923,0
9235,0
11502,0
4762,0
8590,1
469,1
4090,0
5543,0
10234,0
745,1
2131,0
2136,1
3699,0
12414,0
1342,1
1254,0
4280,0
3820,1
9791,0
8685,0
835,1
1907,0
12071,0
8739,1
1283,1
8984,0
8323,1
2372,1
3184,1
9175,1
4638,0
10127,1
2027,0
5370,1
2225,0
3990,0
2414,0
9448,0
3094,1
767,1
10166,1
11658,0
1604,0
398,0
3847,0
2686,0
11448,1
9600,0
2450,1
3538,1
4315,1
3140,1
8827,0
10941,0
10165,1
2507,1
6532,1
1670,0
10648,1
7014,0
3433,1
1487,0
9457,0
12095,0
4304,1
3480,0
10579,0
5243,1
3527,1
1514,0
6770,0
10687,0
4636,0
8065,0
5755,1
11182,1
5201,0
1143,0
4603,1
11873,0
8738,0
8993,0
10441,0
9146,0
2291,0
6143,0
1576,1
163,0
5443,1
6842,0
6572,1
12406,0
12380,1
6502,1
5888,0
521,1
5908,1
1518,0
1531,1
11077,0
8164,1
12426,0
8092,1
11390,0
11776,0
6316,0
3230,0
798,0
8755,0
11589,1
7922,1
9289,1
1103,0
1091,1
7690,0
8907,1
2497,0
12189,0
10216,1
9612,1
2328,0
10159,0
5146,1
9196,0
7876,0
10373,0
2375,0
4583,0
5133,0
9015,0
1796,0
123,1
565,1
7885,1
4098,0
8032,1
8328,0
4760,0
1047,0
7030,0
8919,1
4193,1
6409,1
9946,1
6805,0
8820,0
8335,1
11119,0
7500,0
6435,1
5004,1
7753,0
7363,0
3657,0
7080,1
3831,0
11336,0
19,0
11468,0
1719,1
10121,0
8788,1
10675,0
10742,0
7797,1
9568,0
3952,0
5271,1
5994,0
8451,0
4860,0
8513,0
991,0
6351,1
8947,1
10897,0
2238,1
4708,0
604,0
8364,1
7358,1
3381,0
10005,0
11906,1
8039,0
1338,0
6203,1
2616,0
1815,0
8566,0
6947,0
9717,0
12112,1
300,0
10264,0
7005,0
10454,0
5787,0
7294,1
4774,0
8849,0
4862,0
2825,0
11276,0
4257,1
9783,1
6141,1
3941,1
571,0
10442,1
4938,1
8925,0
8946,0
7733,0
2436,0
1996,1
9814,1
3215,1
8560,1
8,0
5993,1
5901,1
1945,0
7640,0
5583,0
7770,0
10136,1
4958,0
5202,0
8235,0
10371,0
2409,1
4376,0
3913,1
2903,0
6002,0
4073,1
10044,0
2339,0
9388,0
6320,1
9187,1
12242,0
9306,0
11847,0
4054,1
6174,0
10777,1
5085,0
6085,0
2323,0
9571,0
1046,0
11431,0
7273,0
4410,1
644,1
4592,0
4313,0
9284,1
7390,1
6341,1
31,1
2731,0
9221,0
10888,1
6187,1
5194,1
3348,0
2279,0
5102,0
715,1
4139,0
10804,0
10788,1
8832,0
8944,1
5353,0
5617,1
7635,0
5114,1
5489,0
5473,1
4183,0
8904,0
10148,0
4625,1
2171,0
5241,1
2361,1
4074,0
12334,0
3438,0
555,1
11649,1
9831,0
4072,1
236,1
12375,0
4804,0
6401,0
7568,0
11806,1
1955,0
2116,0
9349,0
4460,0
9313,0
4342,0
12369,1
8220,0
3849,1
3967,1
191,0
8221,0
2440,0
10053,0
7350,1
5691,1
8241,0
8544,0
11137,0
9174,1
3504,1
8586,0
9775,1
2808,0
3992,0
3278,0
1434,1
6721,1
790,1
3475,0
11692,0
6454,0
11010,1
6538,0
6040,1
12211,0
6145,0
5060,0
4438,0
4825,1
8287,0
9795,0
1020,0
7315,1
11968,0
1089,1
10123,0
3218,0
9681,0
10160,0
9709,0
15,0
10410,0
6548,0
4010,0
5144,0
9497,1
6780,0
3808,1
709,1
10915,0
11840,0
1732,1
4589,0
10592,0
5688,1
10818,0
6236,1
137,1
3437,0
10650,0
4407,1
7040,0
3528,0
5432,1
1882,1
5120,1
7227,0
5258,0
4988,1
1088,0
4335,1
9865,0
1516,1
9432,0
11958,1
2911,1
2061,0
5000,0
12044,0
10438,1
11054,1
7933,1
2097,0
3679,0
2056,1
9637,1
6975,0
471,0
4775,1
11899,0
11655,1
11444,0
8994,0
10738,0
1857,0
942,0
2057,0
11936,0
6393,1
9882,1
5660,0
5016,1
2856,1
9501,1
3316,0
5820,1
6285,0
1389,1
3367,1
6424,0
10332,1
12401,1
10952,1
6189,0
1995,0
11599,0
10942,0
10563,1
5445,0
8427,0
1449,1
7880,1
7401,0
11841,1
7372,1
10253,1
2035,1
6005,1
12458,0
7406,1
11914,0
5110,0
589,0
7374,1
10194,0
8613,1
8852,0
12002,0
5001,0
1797,1
4278,0
4378,1
8495,0
327,1
7892,1
4930,0
11275,0
145,0
8967,0
3476,0
11195,1
3589,0
811,0
12147,0
10367,0
5765,1
3835,0
4360,0
4895,1
6163,1
11979,1
2036,0
8754,0
4678,0
11166,0
2411,0
631,0
7090,0
9925,1
1722,1
731,1
5088,0
1170,1
8751,0
1010,1
4128,0
9396,1
11897,1
13,0
7926,0
8215,1
9750,0
8730,0
6778,0
2430,1
9240,0
12419,0
9361,1
5154,0
725,1
8407,1
2444,1
2743,1
2843,1
7576,0
6861,1
3082,0
8143,1
3057,1
9342,1
4978,0
10872,0
7866,0
2532,1
6858,1
939,0
9544,0
1466,0
6672,1
8537,0
6506,1
3016,1
237,0
1190,0
11689,0
6458,0
9291,1
5321,0
10037,0
2396,0
7950,0
4961,0
7148,1
3501,0
992,1
7823,1
2355,1
3740,0
10023,1
9932,0
3791,0
11652,0
8368,0
2365,0
10877,0
2698,0
572,1
4579,0
8369,1
5349,1
5877,0
11803,0
3098,0
259,0
671,0
11864,1
8643,0
4292,0
9358,1
10781,0
1415,0
11639,0
10089,0
6935,0
10466,1
7990,1
2868,1
2445,1
6600,1
7532,0
8862,1
10760,0
9076,0
112,1
10321,1
8811,0
11763,1
7218,1
9340,0
12094,0
7164,0
8661,1
899,1
9122,0
6683,0
7001,1
1886,0
11187,0
3630,1
814,1
7428,0
3337,0
11257,0
6649,1
6281,1
1418,0
4873,1
3130,0
1430,1
6214,1
9730,0
9517,0
9847,0
4472,0
11268,0
1865,1
2216,1
615,0
7908,0
11754,0
773,0
1158,1
5461,0
11260,0
2446,1
9529,0
2748,1
6748,0
8767,1
1490,0
2034,0
4449,0
303,0
6099,0
9047,0
8860,1
584,0
3430,1
10698,0
9777,1
2905,0
8052,0
8128,0
703,0
5019,1
9523,0
9002,0
4260,1
3152,0
7783,0
6190,0
8550,0
11910,1
3509,1
9585,0
8781,0
394,1
10904,0
8630,0
9740,0
9855,0
4697,0
11839,0
5471,0
2001,1
7344,0
9959,1
11837,0
5459,1
12132,0
4387,1
5093,0
273,1
10149,0
12041,0
1095,0
11319,1
8362,1
3444,0
3998,0
6838,0
3874,1
459,1
4889,1
1083,1
7451,0
7103,0
2147,0
4997,0
855,0
4722,0
4578,0
11375,0
879,0
11269,1
10479,0
6557,0
5121,0
4626,1
4075,0
2674,0
11141,1
26,1
9598,1
10176,1
549,0
2018,0
86,0
2896,0
12348,1
10143,0
11751,0
11310,1
8519,0
2316,1
5944,1
10741,1
6906,1
7953,0
1653,0
2206,0
12016,0
8428,0
2929,0
8300,0
8878,1
4521,0
1394,0
8485,1
9034,0
10797,0
1594,0
10864,0
6430,0
4879,0
2476,1
6585,1
11164,1
2251,0
9591,0
5946,1
3189,0
8467,1
12116,0
3044,1
11948,0
789,1
9444,0
10629,1
4538,0
8786,0
167,0
11287,0
4712,0
4803,1
538,0
888,0
7121,0
10007,0
6577,1
9231,1
5909,0
3518,0
9594,0
7167,0
7716,1
567,0
1657,0
4754,0
4395,0
5308,1
10890,1
4032,1
2081,1
8556,1
9499,0
10995,0
8609,0
6151,1
5572,1
610,0
6652,1
11944,1
8799,1
6666,0
1062,0
7726,0
11055,0
561,0
4331,0
5209,0
7169,1
5312,0
8502,0
6633,0
5025,0
9145,0
10568,1
4225,0
11884,0
11951,0
154,0
9424,1
11941,1
2573,0
1637,1
8106,0
6355,1
9710,1
3194,0
12136,0
10880,0
4901,0
3620,0
10514,1
9660,0
1774,0
7492,1
9914,0
8773,0
10146,1
4412,0
8854,0
9312,1
7012,0
2277,0
1928,1
10219,0
3575,0
2940,1
1000,1
2174,1
2740,0
8482,0
4125,1
6006,0
7712,0
4960,1
6985,1
1623,0
10999,0
8310,1
10988,0
12439,0
9439,0
12220,0
10580,1
8756,0
9767,0
9711,0
6289,1
7590,0
4943,0
12129,0
11994,0
12051,1
7772,0
11306,1
10083,0
2049,0
11265,1
9866,1
2439,0
5918,0
6685,1
12214,0
7556,0
42,1
4440,0
2067,0
4790,1
2064,1
8841,0
7964,1
9214,0
5774,0
9373,0
10921,0
5427,1
118,1
11986,1
11467,0
4819,0
1822,0
2120,1
6291,0
6689,0
5643,0
830,0
1499,0
9641,1
233,0
757,1
4688,1
9704,0
3344,1
174,0
1705,1
3684,0
5903,0
7206,1
11959,0
10863,1
7830,1
8880,0
11651,1
10585,0
9224,1
6560,0
1876,1
6627,0
8087,0
9311,0
9869,1
12482,0
6634,0
10551,1
4908,1
6589,1
4175,1
11221,0
8853,0
6704,1
9846,0
4009,1
8404,0
8591,1
9605,0
4334,0
6415,0
10106,0
11749,1
7768,0
2032,0
7300,1
6050,0
3799,1
2435,0
6329,0
11120,0
11278,1
12122,0
10849,0
10775,0
9395,1
208,0
8986,0
1555,0
5910,0
2357,1
1447,0
9649,1
2044,0
3387,0
5296,0
1991,1
11410,0
998,1
4003,0
6365,1
547,1
11507,0
9372,1
10916,0
3267,0
8725,1
5117,1
176,1
7305,1
2838,0
10765,1
7097,1
318,0
5035,1
3736,1
10541,1
10275,0
4112,0
361,0
5959,0
3622,0
10642,1
4552,0
3180,0
3908,1
1646,0
9138,1
6033,0
12466,0
4149,0
11888,0
3588,1
5182,0
5505,0
2918,0
3188,0
212,1
5359,0
3429,0
7093,0
3745,0
5174,0
622,0
2105,0
3866,0
591,1
12195,0
4306,0
8225,0
1421,1
7475,1
5173,1
1904,1
9103,0
2320,0
2552,1
876,1
8043,1
6233,0
9906,0
1420,1
12397,0
5160,0
2730,1
11173,1
674,0
8949,0
6087,0
9209,0
6830,0
6433,1
10329,1
11782,1
6639,0
12357,1
9652,1
10256,1
1128,0
7380,0
1058,0
1125,0
5616,0
5079,0
1750,0
8056,0
11304,0
8361,1
10656,1
2988,1
10497,0
11430,1
4371,0
9762,0
5750,0
3756,1
6681,0
6963,1
2486,0
6767,0
10922,0
2104,0
2976,0
3410,1
10594,1
11446,0
1880,0
606,0
924,0
12009,1
5661,0
10567,1
8722,1
10448,1
3383,0
4425,0
401,0
8615,1
9059,0
6625,1
2521,0
7381,0
12128,0
6386,0
11085,0
6258,0
3631,0
10445,1
578,0
9515,1
12142,0
4018,0
975,0
9924,0
4508,0
8180,1
8743,0
940,1
2968,0
5684,0
4134,0
8535,0
817,0
10041,1
12162,0
11504,0
3118,0
87,1
1736,0
6918,1
12377,1
6535,0
10206,0
5020,0
1148,0
2023,0
11313,0
4976,1
4433,0
1921,0
2715,0
7537,1
2587,0
967,0
2457,1
2322,1
11479,0
11332,1
10828,0
1431,1
9931,0
6571,0
8386,0
6954,0
10365,0
2933,0
973,0
9684,1
5814,0
4454,0
11429,1
484,0
2615,0
7591,1
3461,0
10018,0
1529,1
5027,0
8574,0
827,0
2237,0
7403,1
4788,1
877,0
10063,1
8563,0
1795,0
9671,1
945,1
6370,0
2817,0
6921,0
8940,1
4478,0
203,1
4796,0
1186,1
6818,0
1778,0
12232,1
4137,1
8334,0
1363,0
3232,0
11324,0
1849,0
9117,0
7824,0
4117,0
7313,0
5595,0
1340,0
8085,0
11193,0
9703,0
9147,0
8565,1
8750,0
4931,0
5013,0
11767,1
8160,1
9667,1
9249,1
9885,1
990,0
4662,0
11059,0
11302,0
5523,0
5141,1
11414,0
1558,0
9053,0
6185,0
3855,1
1329,0
6846,1
8877,1
10138,1
7754,0
10010,1
3975,0
9257,0
9392,0
4199,1
7391,0
7279,1
8741,0
5555,1
890,0
7575,0
10791,0
12048,1
5274,1
10102,0
3303,1
8069,0
9075,1
9100,0
9754,0
8617,0
4934,0
2425,0
1767,1
11109,0
4453,0
11574,0
10381,0
7174,0
6509,0
6715,0
7184,0
954,0
3416,1
8855,1
4184,0
11084,0
6819,0
5337,1
9949,0
8595,0
9715,0
501,1
7137,0
5890,1
11678,0
3123,0
3950,1
8120,0
7981,1
10354,0
1650,0
47,0
9672,0
1105,1
9083,1
4952,1
9268,0
3587,1
9324,0
11441,1
9854,0
2086,0
3534,0
9905,0
10303,0
1648,0
1076,0
10427,1
2426,0
11534,0
1546,0
10226,0
1116,1
6607,1
7794,0
12411,0
4301,0
1002,1
690,1
6922,0
183,1
8962,0
5639,0
1786,1
12273,0
1349,0
9264,0
399,1
3502,0
4814,1
4718,1
8284,0
9030,1
8297,0
7020,0
1174,1
317,1
4408,1
11813,0
1470,1
10294,0
9669,1
2028,0
1909,1
5338,0
10110,1
5073,1
8815,1
1574,1
12052,1
2539,0
2974,0
645,0
10831,1
9394,1
3551,0
3362,1
3038,1
1961,0
8430,1
2391,1
5883,0
6222,0
11498,0
1806,0
8921,0
2951,1
4950,0
5873,0
10231,1
2516,0
5915,1
8941,0
9577,1
5528,1
6673,0
5618,1
996,0
4848,0
12077,0
11183,0
2506,1
7353,1
5772,1
2677,1
8007,0
11419,1
5384,0
6678,0
4939,1
8034,0
5304,1
4792,0
4851,0
1168,0
8945,0
2295,1
11869,0
5894,0
5607,1
10827,0
1914,1
8683,1
6706,0
8702,0
9901,0
2867,1
11940,1
708,1
11459,1
12107,1
10517,1
7545,0
387,0
2175,1
9419,1
6695,0
9712,0
1059,1
1700,0
5509,1
1640,1
6708,1
2777,1
9559,0
10755,1
3568,1
1655,0
8894,0
695,1
8307,0
1391,0
189,0
2101,1
2879,1
3580,1
6274,0
6155,1
710,1
1805,0
646,0
11932,1
8981,0
3077,0
3463,0
343,0
12304,1
3644,0
8637,1
6872,0
6432,1
3,1
84,0
5390,1
1483,1
2073,0
2413,0
500,0
11939,0
8116,0
5332,1
2963,0
6464,1
6510,1
3282,0
3976,0
799,0
1963,0
12250,0
10064,1
1232,1
11513,1
3823,1
12246,1
3081,0
4064,0
9203,0
10840,0
8171,0
6241,1
9359,0
10440,0
11209,0
11595,0
10028,0
6204,0
4694,0
12289,0
6970,0
6733,0
3541,0
9173,0
3971,0
3516,0
12171,0
2713,0
11870,1
2088,0
5838,0
10428,0
463,1
7222,0
5539,1
1843,0
10045,0
1078,0
12373,0
7081,0
9547,0
10502,1
5273,1
357,0
4132,0
12451,0
2518,1
1075,1
5876,0
732,1
997,1
10100,1
1503,0
10696,1
1454,0
588,0
1644,1
7207,0
11323,0
5399,1
12114,1
8530,1
3423,0
12252,0
10630,0
6800,1
8625,0
11073,0
9459,0
7633,0
11354,0
9796,0
1015,0
11154,1
1832,1
3921,1
10892,1
3146,0
6131,0
9417,1
7899,0
6558,0
9736,0
9620,0
4611,1
3295,0
11612,0
8170,0
9900,0
5226,1
11359,0
7538,1
11439,1
847,0
4969,1
11727,0
231,1
8669,0
9849,1
9018,1
4372,0
6691,0
11417,0
6856,0
282,1
3843,0
8411,1
675,0
10255,1
1366,1
12496,0
3347,0
1861,0
8645,0
5747,1
11099,0
2568,1
4786,0
10705,0
4188,0
7247,1
8864,1
2972,0
169,0
426,0
8204,0
4741,0
9277,1
3478,0
11628,1
2981,0
1776,1
1506,0
6871,0
11672,0
7974,0
3419,1
10182,0
5867,0
8296,0
9446,0
2609,1
10252,0
1915,1
2975,0
4217,0
7801,0
11064,0
3442,1
6866,1
2297,0
5786,0
10899,1
2503,0
1057,1
6193,1
2368,1
532,0
3363,1
7078,0
12370,0
9247,0
9215,0
490,1
8168,0
11037,1
5499,0
11604,1
1,1
2684,1
3494,0
9930,0
8238,1
9613,0
1733,1
2417,0
5692,0
7202,0
2374,1
2979,0
2423,0
2792,1
10662,0
7814,1
6948,1
1321,0
12081,0
2470,0
4595,0
10326,1
12269,1
1112,0
8920,1
2664,1
293,1
11866,1
10380,1
8596,1
12177,1
2404,1
365,1
4865,1
1875,0
180,0
7818,1
2471,0
545,1
5458,1
1118,0
8826,0
11836,1
4650,1
11192,0
1625,1
10597,0
963,1
12050,0
12235,1
3259,1
8435,0
12043,0
1627,0
2956,1
4111,0
7420,1
5048,1
5816,0
1160,0
9411,0
12403,0
12076,1
2828,0
3707,1
10382,0
5071,1
7719,1
2554,0
5002,0
1823,0
10917,0
2887,0
10350,1
10820,0
5091,0
2704,1
7744,0
8835,1
6450,1
9303,1
3340,1
3471,0
6976,0
3228,0
2443,0
7046,0
11497,0
1213,0
8167,0
3611,0
3415,0
65,1
8882,1
1896,0
9690,1
7844,0
11962,0
8846,1
6835,1
4300,1
4504,0
7957,0
2600,0
2802,1
2007,1
6213,0
5556,0
10846,0
9025,0
6912,1
3560,0
10481,0
10799,0
3924,1
7006,1
10299,0
4531,1
8549,0
11041,1
5759,1
4959,0
3214,0
1575,1
1739,1
2139,0
1265,0
12133,0
1247,0
7509,1
9487,0
8521,0
3918,1
12276,0
12204,0
10726,0
7976,0
1532,0
6122,0
11174,0
8219,1
3119,1
4682,0
7131,1
5481,1
4238,0
2778,1
3035,0
11576,1
4920,0
8372,0
4079,0
1825,1
4322,1
530,0
5082,0
3909,1
3875,1
8293,0
9969,1
2113,0
5449,1
912,1
2824,1
7178,0
10826,0
10928,0
7108,0
12108,0
6595,0
9994,0
11299,0
12359,0
766,1
699,0
10296,0
8795,0
651,0
682,0
1578,0
2447,1
2455,0
63,0
985,0
11988,1
1606,0
462,0
6036,0
2542,0
10930,1
2893,0
3115,1
2159,1
2592,0
5655,1
734,0
5373,0
3210,0
2505,1
580,0
89,0
5695,0
4996,1
574,1
12164,0
2479,0
9365,0
11637,0
5328,1
10800,0
6288,1
6271,0
5131,0
2257,0
7808,0
3776,0
2427,0
8644,0
11150,0
5592,1
3947,1
4499,1
10163,1
1964,0
8444,1
864,1
5402,1
3703,0
4167,0
7780,0
3109,0
4496,0
2707,0
5395,1
4761,0
6396,0
8543,1
4666,0
8397,0
1569,0
8359,0
175,1
5889,0
704,0
1410,0
11892,1
8785,0
7422,1
2212,1
1902,0
662,0
8635,1
7340,0
1717,1
8316,1
8038,0
4705,0
1413,0
2996,1
6500,1
6196,0
4414,0
9916,1
8367,0
8320,0
1101,1
8234,1
9619,1
7338,1
2848,0
12254,1
7173,0
5811,0
11814,1
4591,0
8423,0
6352,0
12280,0
514,0
5913,0
7546,1
11270,0
8930,0
12402,0
7354,0
9423,0
7910,0
11886,1
11019,1
5565,1
3513,0
3697,1
7966,1
11675,0
5875,0
8144,0
8491,0
11350,0
4390,0
6297,0
8431,0
4450,0
9778,1
6404,1
5742,1
782,0
7547,1
7336,1
1032,0
10769,1
609,0
4533,0
2217,1
4437,1
5039,1
5817,0
4692,0
4971,1
8772,0
4631,1
10360,0
4746,1
7677,1
602,0
11533,1
5984,1
849,0
7028,0
1563,1
6170,0
12166,0
7541,1
8097,0
7533,0
2149,0
12494,1
9275,1
10786,0
6803,1
3133,1
10491,0
11279,1
3670,0
11008,0
7580,1
445,0
6095,0
2831,0
4288,0
10459,0
8479,0
6961,0
978,0
7614,0
1397,0
7199,0
11096,0
4176,1
12471,1
1385,1
71,1
10720,1
9666,0
11775,0
6640,1
8666,1
7762,0
4226,0
11619,0
4561,0
10259,1
3546,1
6146,0
9824,0
937,0
7937,1
12231,1
1319,0
6360,0
649,0
9158,1
5250,0
4826,1
841,0
7278,0
10336,0
8062,0
1926,0
11362,0
6923,1
983,0
11016,1
9841,0
9631,0
3734,1
7497,0
11006,1
6723,0
6779,0
9870,0
5588,1
9471,0
11726,0
10358,0
12319,0
7114,0
1129,0
7585,0
2037,1
2527,1
198,0
560,1
5545,0
8992,1
11101,1
7454,1
6192,1
2962,0
7289,0
959,0
16,0
8121,1
363,1
11954,1
3288,1
6108,1
9749,1
7027,0
9461,0
10993,1
5479,1
11103,0
1643,1
2406,0
10389,0
3205,0
9049,0
9113,0
668,1
7841,0
9409,1
10900,1
3431,0
10997,0
6331,0
1536,1
9507,0
2970,0
11965,0
11809,1
6029,0
11428,1
6834,1
3142,1
6215,0
4935,1
497,0
8093,0
468,0
11795,1
5599,0
5584,1
108,0
726,0
12410,0
1156,0
7033,0
7201,0
2829,0
454,0
7586,0
5788,0
7938,1
12329,0
7807,1
10095,0
7569,0
7343,0
683,0
12498,0
5147,1
9923,0
4004,0
2393,1
8363,0
4307,1
4452,0
12459,1
11140,1
6782,0
1559,0
2857,0
4361,0
10155,1
7232,0
1096,1
11466,0
10783,0
8541,1
4024,1
1967,0
4383,1
11098,0
7309,0
3506,0
3784,1
9391,0
5749,0
7356,0
9155,1
7111,1
10137,0
4635,1
2994,0
11062,1
9040,1
11695,0
1808,0
6761,1
340,0
11679,0
8314,0
5603,1
9826,0
2580,0
6677,0
6339,0
341,0
8469,0
8054,1
11442,1
10628,0
1758,1
1425,0
10048,1
5329,0
7427,1
12350,1
10122,0
9379,0
3581,0
9928,0
4612,0
6266,1
3467,1
3797,0
234,0
3609,0
480,1
2751,1
5386,0
12035,0
979,1
12098,1
6893,0
833,1
9526,1
9478,1
9216,0
7424,0
1386,1
242,1
11898,0
8775,1
7073,1
4469,1
8146,0
8978,0
8095,1
2859,0
195,1
2827,1
3050,0
8102,1
8123,1
11885,0
9377,1
9503,1
1567,0
9184,1
11335,1
1435,1
887,1
3765,1
7257,0
779,1
11508,0
10996,1
6903,0
7602,0
4781,0
412,1
4042,1
3716,1
258,1
1612,1
8461,1
10677,0
1045,1
9554,0
475,1
6665,1
6225,1
11338,0
2283,0
4742,0
8517,0
11827,1
2922,0
1519,1
3667,0
476,0
10484,1
7124,0
4492,1
7855,0
10211,0
12199,1
10476,1
4402,0
6574,0
5319,0
5719,0
99,0
3366,1
4488,0
10508,0
10728,0
2932,0
8814,0
3364,1
9451,0
11849,1
6061,0
3839,0
1249,0
7956,1
6739,0
1308,0
517,1
5043,0
9610,0
9962,1
2863,0
3161,0
7382,0
3334,1
3683,0
4734,0
6334,0
2742,0
248,0
11122,0
10405,0
12149,1
9670,0
2853,0
829,1
7769,1
8633,1
5163,1
400,1
11710,0
3621,0
7802,0
8274,0
9436,0
3999,0
6745,1
1079,1
791,1
7212,0
9689,0
8504,0
2158,1
10145,0
4964,0
12425,1
9407,1
2167,0
11132,1
3520,0
5956,0
11623,1
4069,1
9765,1
1012,1
56,1
8506,0
315,1
3212,1
2042,1
7507,1
3605,0
1866,1
11017,0
3900,0
6536,1
9299,0
4751,0
418,1
10624,0
6104,1
3600,1
4802,1
587,0
3790,0
474,0
6469,1
2876,1
7689,0
7159,0
9839,0
5,0
11118,0
1752,0
1701,1
5730,1
5291,1
9720,0
10215,0
51,0
3956,1
8101,0
2306,1
2154,1
9940,1
12110,0
11365,0
12152,0
4791,1
2293,0
1922,0
7625,1
9888,0
10940,1
6198,0
10170,0
8843,1
319,1
5119,0
7483,0
8674,0
5929,1
10292,0
12053,0
1337,0
5168,0
1678,1
10671,0
10109,0
9292,0
7740,0
5701,1
8058,1
3244,1
8884,1
6216,0
6097,0
664,0
10111,0
5728,0
11025,0
9696,1
1979,1
10801,1
3177,0
10676,0
11110,0
12082,1
1214,0
7308,0
7298,1
9894,0
4822,1
12001,0
4962,1
8177,1
8175,0
9578,0
9080,1
190,1
2109,1
3940,1
1783,0
8098,1
6552,0
7670,0
2641,1
9287,1
8465,0
3070,1
3959,0
2588,0
7347,1
11248,1
4699,0
11699,1
481,0
3493,0
7115,0
6434,0
9945,0
7656,0
9050,0
407,0
5921,0
4820,1
9638,0
7798,1
1912,1
2399,0
2378,1
8987,1
11872,0
8611,1
12083,0
5437,1
5107,1
11627,1
1068,1
2553,0
4655,0
337,1
1307,0
266,0
9760,0
5930,1
6313,1
5231,0
612,1
4420,0
10870,0
3989,1
5963,0
11151,1
896,0
6956,1
2789,1
10965,0
1497,1
4471,0
6383,0
3443,0
6671,1
496,1
8973,0
3759,0
4947,0
11611,0
6217,1
8492,0
5388,1
5529,0
2388,1
5982,0
2835,0
8737,0
1003,1
3693,1
8488,1
12493,0
5589,0
8417,0
2432,0
5428,1
5669,0
6615,1
7155,0
11842,0
1315,1
7450,1
168,0
5488,1
8009,0
4652,1
8526,0
4152,1
1818,0
3718,1
4144,1
2078,1
7508,0
727,1
4114,0
3792,0
3704,0
9401,1
10723,0
8325,0
12342,1
5063,1
8714,0
1541,0
7678,1
7357,0
11169,1
2884,1
7170,0
12025,0
1060,0
7119,1
7378,0
9574,0
4787,1
11210,1
4949,0
11698,0
10683,1
5841,0
8253,0
5987,0
2475,0
9009,0
3200,1
10133,0
7088,0
1540,0
5490,1
12093,0
9414,0
9036,1
7460,0
396,0
2608,0
7927,1
4759,0
1696,1
6419,0
1834,0
2849,0
9171,0
3574,1
4243,1
3468,1
6472,0
6513,0
10493,1
1215,1
4884,0
11377,0
5187,1
12353,0
6749,0
392,0
3332,0
7916,1
9502,0
2705,0
7036,1
12287,1
7085,0
8394,1
5456,0
2199,0
12144,0
11711,0
6411,0
11653,0
9519,0
5162,1
11480,0
7582,1
10691,0
4720,0
3844,1
10792,0
10743,1
4745,0
3724,0
6363,0
9997,1
8969,1
9653,0
485,1
5674,0
1206,0
8027,0
12087,1
6781,0
3401,1
5429,0
1892,1
10335,1
9518,0
1054,1
2847,0
11964,1
9390,0
11211,0
10257,0
457,0
2259,0
10013,0
9834,0
3103,1
823,1
8357,0
8516,1
8524,0
8991,0
10767,1
1275,1
5126,0
11952,0
3481,0
2628,1
6831,1
8660,0
9522,0
5125,0
7049,0
8024,1
9835,1
9091,0
10232,1
3680,1
2055,1
12326,0
2575,0
9148,1
2326,0
11995,0
5734,0
8245,0
1259,0
4828,1
5105,0
4664,1
2285,1
8212,1
5164,0
6901,1
8597,0
5129,0
11978,1
11342,0
3472,0
7697,0
5413,1
11245,0
1537,1
2916,1
4230,1
1764,1
2502,0
4105,0
1932,0
3650,0
7607,0
307,0
2287,0
4053,1
2534,0
107,0
1152,0
8244,0
1689,0
6324,0
4337,0
4231,1
8031,1
9462,0
12014,1
2458,0
1136,1
4941,1
772,1
3894,1
5199,0
8578,0
5448,1
6045,1
12495,0
4868,1
8412,1
1798,0
7393,1
7519,0
5124,0
7639,0
2706,0
7484,1
534,1
7239,0
8793,1
1855,1
2733,0
8538,1
9542,0
6302,0
554,0
3701,0
5345,0
8691,1
4649,1
9253,1
2643,0
9302,1
9941,1
6559,0
11381,0
5961,0
8240,0
11484,0
7543,1
3834,0
11674,0
11645,1
4219,1
9648,0
993,0
1807,1
3926,0
4514,0
7054,1
1276,1
11961,1
1133,0
3863,0
502,0
529,0
3626,1
5587,1
4171,1
8110,1
2278,0
2332,0
11145,1
8577,0
11861,0
4379,0
3380,0
8078,1
3881,0
4461,0
12449,0
7436,0
6397,0
4619,0
3896,0
9645,1
7860,0
7362,0
12456,0
9555,0
10724,0
4308,0
3916,0
11163,0
8818,1
4262,0
11227,1
9466,0
312,0
3917,1
3907,1
2927,1
11143,1
8216,0
2233,0
5632,0
6463,0
1122,1
9346,1
509,1
1250,0
9102,0
10108,0
7215,0
4951,0
279,0
8511,0
5029,0
9842,0
9120,0
9724,1
1368,0
1429,1
11400,1
11477,0
12264,0
11080,1
3532,1
11535,1
2189,1
6983,0
6412,0
11850,1
3712,0
6106,1
11668,0
8291,1
12360,0
9420,0
2513,0
4586,1
11396,0
5532,1
3417,1
3106,0
8598,0
5410,0
1530,0
305,0
7512,0
8071,0
3766,0
8592,1
8327,1
10815,0
3293,1
1163,0
11900,0
3562,1
5010,0
4270,0
5189,1
4027,1
3436,1
6429,1
6968,0
1395,1
8013,0
11514,0
3474,0
2421,0
1464,0
10832,0
11876,0
8358,0
4377,0
9789,1
11049,0
5779,1
11527,1
5804,1
11739,0
11091,0
10474,1
7666,1
2246,1
12298,0
2850,0
7934,1
5827,0
6254,1
12008,0
8807,1
5893,1
7878,0
6269,1
2647,0
3254,0
7648,1
10740,0
2454,0
7037,1
7251,1
12387,0
7330,0
10834,1
4779,0
2998,1
843,0
6995,0
8437,0
11040,0
7042,0
11116,0
4955,1
3264,1
11807,0
1863,1
3553,0
8970,1
8049,1
8462,0
965,0
619,0
7181,1
6475,0
8202,1
4259,0
11230,0
1113,0
7594,1
6738,1
1570,0
2618,0
12421,1
11092,1
11953,1
1273,1
9413,1
8971,0
932,0
7821,0
2289,0
2135,1
7685,0
5065,0
6326,0
9404,0
1549,1
6660,0
6727,0
7002,1
2937,0
9698,1
884,0
11757,1
9790,0
9782,0
11309,1
1200,1
11717,0
3763,0
4700,1
8281,1
7951,0
5658,1
8192,0
3451,0
1072,0
6643,0
7392,1
2750,0
4,1
4532,0
7490,1
7311,0
5712,1
6697,0
2504,0
3285,0
8678,0
2481,1
9934,1
2668,0
5899,0
2350,1
69,1
3561,0
7307,0
10699,1
3399,0
4487,0
2498,1
8104,0
6981,0
8649,0
1167,0
10843,0
12274,0
5700,1
3850,0
7997,0
7774,0
9183,0
10039,1
9412,0
11052,0
8051,1
10924,1
4537,0
6015,0
7722,0
1320,0
9352,0
12243,0
2989,0
7128,0
11127,0
5040,1
8610,1
11598,0
